Date,Value,FIPS,Site ID,County
2020-01-01,0.2839929166666667,48029,1069,Bexar
2020-01-01,0.13309130434782607,48039,1607,Brazoria
2020-01-01,0.2209466666666667,48113,69,Dallas
2020-01-01,0.27193208333333335,48141,1021,El Paso
2020-01-01,0.33887291666666663,48201,1035,Harris
2020-01-01,0.3183445833333334,48245,628,Jefferson
2020-01-01,0.24371416666666665,48439,1053,Tarrant
2020-01-01,0.3315529166666666,48453,1068,Travis
2020-01-01,0.17642208333333334,48479,16,Webb
2020-01-02,0.5296875,48029,1069,Bexar
2020-01-02,0.1234408695652174,48039,1607,Brazoria
2020-01-02,0.1721925,48113,69,Dallas
2020-01-02,0.2542254166666666,48141,1021,El Paso
2020-01-02,0.24264583333333334,48201,1035,Harris
2020-01-02,0.3077666666666667,48245,628,Jefferson
2020-01-02,0.32779125000000003,48439,1053,Tarrant
2020-01-02,0.49222999999999995,48453,1068,Travis
2020-01-02,0.33117874999999997,48479,16,Webb
2020-01-03,0.47580124999999995,48029,1069,Bexar
2020-01-03,0.144395652173913,48039,1607,Brazoria
2020-01-03,0.17090458333333328,48113,69,Dallas
2020-01-03,0.23030750000000003,48141,44,El Paso
2020-01-03,0.27931142857142854,48141,1021,El Paso
2020-01-03,0.31916625,48201,1035,Harris
2020-01-03,0.2923145833333333,48245,628,Jefferson
2020-01-03,0.17294666666666667,48439,1053,Tarrant
2020-01-03,0.2230241666666666,48453,1068,Travis
2020-01-03,0.10059250000000002,48479,16,Webb
2020-01-04,0.42129782608695654,48029,1069,Bexar
2020-01-04,0.16303090909090912,48039,1607,Brazoria
2020-01-04,0.2750012499999999,48113,69,Dallas
2020-01-04,0.5599383333333333,48141,44,El Paso
2020-01-04,0.30441583333333333,48141,1021,El Paso
2020-01-04,0.31351708333333345,48201,1035,Harris
2020-01-04,0.30046375,48245,628,Jefferson
2020-01-04,0.32979,48439,1053,Tarrant
2020-01-04,0.3146454166666666,48453,1068,Travis
2020-01-04,0.2395920833333333,48479,16,Webb
2020-01-05,0.3546734782608697,48029,1069,Bexar
2020-01-05,0.14550782608695648,48039,1607,Brazoria
2020-01-05,0.1897686956521739,48113,69,Dallas
2020-01-05,0.8696634782608695,48141,44,El Paso
2020-01-05,0.32077478260869563,48141,1021,El Paso
2020-01-05,0.234251304347826,48201,1035,Harris
2020-01-05,0.2561517391304347,48245,628,Jefferson
2020-01-05,0.25287565217391306,48439,1053,Tarrant
2020-01-05,0.3645504347826087,48453,1068,Travis
2020-01-05,0.27229956521739135,48479,16,Webb
2020-01-06,0.5153625000000001,48029,1069,Bexar
2020-01-06,0.13648434782608693,48039,1607,Brazoria
2020-01-06,0.2718570833333333,48113,69,Dallas
2020-01-06,0.48976999999999976,48141,44,El Paso
2020-01-06,0.30577750000000004,48141,1021,El Paso
2020-01-06,0.3180279166666667,48201,1035,Harris
2020-01-06,0.28982583333333334,48245,628,Jefferson
2020-01-06,0.20660652173913044,48439,1053,Tarrant
2020-01-06,0.5099516666666667,48453,1068,Travis
2020-01-06,0.2435004166666667,48479,16,Webb
2020-01-07,0.2748473913043479,48029,1069,Bexar
2020-01-07,0.17704217391304344,48039,1607,Brazoria
2020-01-07,0.31661041666666667,48113,69,Dallas
2020-01-07,0.4486004166666666,48141,44,El Paso
2020-01-07,0.3764120833333333,48141,1021,El Paso
2020-01-07,0.31271625,48201,1035,Harris
2020-01-07,0.3137852380952382,48245,628,Jefferson
2020-01-07,0.25565958333333333,48439,1053,Tarrant
2020-01-07,0.49010125,48453,1068,Travis
2020-01-07,0.17751208333333326,48479,16,Webb
2020-01-08,0.3966475000000001,48029,1069,Bexar
2020-01-08,0.1598673913043478,48039,1607,Brazoria
2020-01-08,0.26438272727272727,48113,69,Dallas
2020-01-08,0.4011754166666666,48141,44,El Paso
2020-01-08,0.4059841666666666,48141,1021,El Paso
2020-01-08,0.48485124999999996,48201,1035,Harris
2020-01-08,0.25420800000000005,48245,628,Jefferson
2020-01-08,0.24934166666666668,48439,1053,Tarrant
2020-01-08,0.653909090909091,48453,1068,Travis
2020-01-08,0.20670250000000004,48479,16,Webb
2020-01-09,0.2335445833333334,48029,1069,Bexar
2020-01-09,0.1276204347826087,48039,1607,Brazoria
2020-01-09,0.17555041666666668,48113,69,Dallas
2020-01-09,0.3144995833333332,48141,44,El Paso
2020-01-09,0.23643782608695652,48141,1021,El Paso
2020-01-09,0.16744625000000002,48201,1035,Harris
2020-01-09,0.2590854166666667,48245,628,Jefferson
2020-01-09,0.28877375,48439,1053,Tarrant
2020-01-09,0.30306083333333333,48453,1068,Travis
2020-01-09,0.25500416666666664,48479,16,Webb
2020-01-10,0.25955124999999996,48029,1069,Bexar
2020-01-10,0.12103826086956522,48039,1607,Brazoria
2020-01-10,0.1631986956521739,48113,69,Dallas
2020-01-10,0.22936954545454552,48141,44,El Paso
2020-01-10,0.20259416666666671,48141,1021,El Paso
2020-01-10,0.13788857142857144,48201,1035,Harris
2020-01-10,0.26481416666666674,48245,628,Jefferson
2020-01-10,0.2594841666666666,48439,1053,Tarrant
2020-01-10,0.26577625,48453,1068,Travis
2020-01-10,0.19602375000000002,48479,16,Webb
2020-01-11,0.275455,48029,1069,Bexar
2020-01-11,0.15376043478260867,48039,1607,Brazoria
2020-01-11,0.2121633333333333,48113,69,Dallas
2020-01-11,0.5754658333333333,48141,44,El Paso
2020-01-11,0.27389,48141,1021,El Paso
2020-01-11,0.18601550000000003,48201,1035,Harris
2020-01-11,0.27628375000000005,48245,628,Jefferson
2020-01-11,0.2147675,48439,1053,Tarrant
2020-01-11,0.23039208333333336,48453,1068,Travis
2020-01-11,0.188705,48479,16,Webb
2020-01-12,0.2754295454545454,48029,1069,Bexar
2020-01-12,0.16077347826086957,48039,1607,Brazoria
2020-01-12,0.19020652173913039,48113,69,Dallas
2020-01-12,0.7412918181818181,48141,44,El Paso
2020-01-12,0.2491659090909092,48141,1021,El Paso
2020-01-12,0.23300181818181817,48201,1035,Harris
2020-01-12,0.28470304347826086,48245,628,Jefferson
2020-01-12,0.2330013636363636,48439,1053,Tarrant
2020-01-12,0.41243409090909094,48453,1068,Travis
2020-01-12,0.34110409090909094,48479,16,Webb
2020-01-13,0.33440875,48029,1069,Bexar
2020-01-13,0.1526921739130435,48039,1607,Brazoria
2020-01-13,0.20738208333333333,48113,69,Dallas
2020-01-13,0.8920847826086956,48141,44,El Paso
2020-01-13,0.27519625000000003,48141,1021,El Paso
2020-01-13,0.23721041666666665,48201,1035,Harris
2020-01-13,0.31282863636363634,48245,628,Jefferson
2020-01-13,0.32746166666666665,48439,1053,Tarrant
2020-01-13,0.4552783333333334,48453,1068,Travis
2020-01-13,0.24077782608695647,48479,16,Webb
2020-01-14,0.5261733333333333,48029,1069,Bexar
2020-01-14,0.1239,48039,1607,Brazoria
2020-01-14,0.2096745833333333,48113,69,Dallas
2020-01-14,1.0699416666666668,48141,44,El Paso
2020-01-14,0.2564645833333334,48141,1021,El Paso
2020-01-14,0.17579916666666662,48201,1035,Harris
2020-01-14,0.24300916666666664,48245,628,Jefferson
2020-01-14,0.35398166666666664,48439,1053,Tarrant
2020-01-14,0.5591741666666666,48453,1068,Travis
2020-01-14,0.3426250000000001,48479,16,Webb
2020-01-15,0.2685770833333333,48029,1069,Bexar
2020-01-15,0.12913000000000002,48039,1607,Brazoria
2020-01-15,0.19440149999999998,48113,69,Dallas
2020-01-15,0.5219483333333332,48141,1021,El Paso
2020-01-15,0.15951,48201,1035,Harris
2020-01-15,0.22107583333333333,48245,628,Jefferson
2020-01-15,0.33454999999999996,48439,1053,Tarrant
2020-01-15,0.21716666666666665,48479,16,Webb
2020-01-16,0.31507291666666665,48029,1069,Bexar
2020-01-16,0.12421478260869565,48039,1607,Brazoria
2020-01-16,0.16397749999999997,48113,69,Dallas
2020-01-16,0.3619016666666666,48141,44,El Paso
2020-01-16,0.20788916666666668,48141,1021,El Paso
2020-01-16,0.18623625000000002,48201,1035,Harris
2020-01-16,0.27125000000000005,48245,628,Jefferson
2020-01-16,0.19886434782608695,48439,1053,Tarrant
2020-01-16,0.12117041666666666,48453,1068,Travis
2020-01-16,0.18561791666666672,48479,16,Webb
2020-01-17,0.27109875,48029,1069,Bexar
2020-01-17,0.1581160869565217,48039,1607,Brazoria
2020-01-17,0.18251416666666664,48113,69,Dallas
2020-01-17,0.3064259090909091,48141,44,El Paso
2020-01-17,0.25361666666666666,48141,1021,El Paso
2020-01-17,0.19143416666666668,48201,1035,Harris
2020-01-17,0.29960666666666663,48245,628,Jefferson
2020-01-17,0.31065666666666664,48439,1053,Tarrant
2020-01-17,0.17097833333333334,48453,1068,Travis
2020-01-17,0.21772500000000006,48479,16,Webb
2020-01-18,0.3690187500000001,48029,1069,Bexar
2020-01-18,0.14156608695652176,48039,1607,Brazoria
2020-01-18,0.14750708333333332,48113,69,Dallas
2020-01-18,0.27084708333333335,48141,44,El Paso
2020-01-18,0.22168416666666668,48141,1021,El Paso
2020-01-18,0.19541374999999994,48201,1035,Harris
2020-01-18,0.2628008333333334,48245,628,Jefferson
2020-01-18,0.17230374999999998,48439,1053,Tarrant
2020-01-18,0.19730250000000002,48479,16,Webb
2020-01-19,0.19878391304347828,48029,1069,Bexar
2020-01-19,0.18498826086956524,48039,1607,Brazoria
2020-01-19,0.28360608695652173,48113,69,Dallas
2020-01-19,0.20977130434782607,48141,44,El Paso
2020-01-19,0.25935913043478265,48141,1021,El Paso
2020-01-19,0.17184304347826088,48201,1035,Harris
2020-01-19,0.2877691304347826,48245,628,Jefferson
2020-01-19,0.2746613043478261,48439,1053,Tarrant
2020-01-19,0.17170869565217392,48479,16,Webb
2020-01-20,0.24645583333333335,48029,1069,Bexar
2020-01-20,0.2137195652173913,48039,1607,Brazoria
2020-01-20,0.43144083333333344,48113,69,Dallas
2020-01-20,0.20972666666666664,48141,44,El Paso
2020-01-20,0.18549125000000002,48141,1021,El Paso
2020-01-20,0.24909833333333334,48201,1035,Harris
2020-01-20,0.3095729166666667,48245,628,Jefferson
2020-01-20,0.4161079166666666,48439,1053,Tarrant
2020-01-20,0.15747333333333333,48479,16,Webb
2020-01-21,0.20903333333333335,48029,1069,Bexar
2020-01-21,0.18529,48039,1607,Brazoria
2020-01-21,0.42147541666666677,48113,69,Dallas
2020-01-21,0.3573158333333333,48141,44,El Paso
2020-01-21,0.2549495833333333,48141,1021,El Paso
2020-01-21,0.2688270833333334,48201,1035,Harris
2020-01-21,0.33668875,48245,628,Jefferson
2020-01-21,0.31583625,48439,1053,Tarrant
2020-01-21,0.19426166666666664,48479,16,Webb
2020-01-22,0.28815208333333336,48029,1069,Bexar
2020-01-22,0.1695782608695652,48039,1607,Brazoria
2020-01-22,0.26758458333333335,48113,69,Dallas
2020-01-22,0.16845624999999997,48141,44,El Paso
2020-01-22,0.19223545454545457,48141,1021,El Paso
2020-01-22,0.18193583333333332,48201,1035,Harris
2020-01-22,0.26350666666666667,48245,628,Jefferson
2020-01-22,0.2482729166666667,48439,1053,Tarrant
2020-01-22,0.4252070833333333,48479,16,Webb
2020-01-23,0.36540999999999996,48029,1069,Bexar
2020-01-23,0.19356260869565214,48039,1607,Brazoria
2020-01-23,0.3161895833333333,48113,69,Dallas
2020-01-23,0.46442083333333334,48141,44,El Paso
2020-01-23,0.24349583333333333,48141,1021,El Paso
2020-01-23,0.23283083333333335,48201,1035,Harris
2020-01-23,0.3211220833333334,48245,628,Jefferson
2020-01-23,0.2333457894736842,48439,1053,Tarrant
2020-01-23,0.35321166666666665,48479,16,Webb
2020-01-24,0.34247,48029,1069,Bexar
2020-01-24,0.25161913043478257,48039,1607,Brazoria
2020-01-24,0.3902125000000001,48113,69,Dallas
2020-01-24,0.8417416666666666,48141,44,El Paso
2020-01-24,0.3741058333333333,48141,1021,El Paso
2020-01-24,0.44972999999999996,48201,1035,Harris
2020-01-24,0.35594875000000004,48245,628,Jefferson
2020-01-24,0.2815258333333333,48439,1053,Tarrant
2020-01-24,0.24513041666666666,48479,16,Webb
2020-01-25,0.3002395833333333,48029,1069,Bexar
2020-01-25,0.20061521739130436,48039,1607,Brazoria
2020-01-25,0.30665916666666665,48113,69,Dallas
2020-01-25,0.5902083333333332,48141,44,El Paso
2020-01-25,0.26904374999999997,48141,1021,El Paso
2020-01-25,0.2903375,48201,1035,Harris
2020-01-25,0.3466770833333333,48245,628,Jefferson
2020-01-25,0.32564791666666665,48439,1053,Tarrant
2020-01-25,0.11314458333333334,48453,1068,Travis
2020-01-25,0.31352458333333333,48479,16,Webb
2020-01-26,0.3748460869565218,48029,1069,Bexar
2020-01-26,0.18392521739130432,48039,1607,Brazoria
2020-01-26,0.2852526086956522,48113,69,Dallas
2020-01-26,0.3054404347826086,48141,44,El Paso
2020-01-26,0.20882,48141,1021,El Paso
2020-01-26,0.24325000000000005,48201,1035,Harris
2020-01-26,0.3074195652173913,48245,628,Jefferson
2020-01-26,0.29705304347826084,48439,1053,Tarrant
2020-01-26,0.48131869565217394,48479,16,Webb
2020-01-27,0.36316375,48029,1069,Bexar
2020-01-27,0.19311695652173916,48039,1607,Brazoria
2020-01-27,0.31146291666666664,48113,69,Dallas
2020-01-27,0.19289083333333334,48141,44,El Paso
2020-01-27,0.16502666666666668,48141,1021,El Paso
2020-01-27,0.19398083333333338,48201,1035,Harris
2020-01-27,0.31682875000000005,48245,628,Jefferson
2020-01-27,0.39119624999999997,48439,1053,Tarrant
2020-01-27,0.3548205263157895,48453,1068,Travis
2020-01-27,0.24187333333333338,48479,16,Webb
2020-01-28,0.2877895833333333,48029,1069,Bexar
2020-01-28,0.18062782608695652,48039,1607,Brazoria
2020-01-28,0.1543475,48113,69,Dallas
2020-01-28,0.33793473684210523,48141,44,El Paso
2020-01-28,0.18826,48141,1021,El Paso
2020-01-28,0.2255361904761905,48201,1035,Harris
2020-01-28,0.33326416666666664,48245,628,Jefferson
2020-01-28,0.20481043478260877,48439,1053,Tarrant
2020-01-28,0.25418375,48453,1068,Travis
2020-01-28,0.15785666666666667,48479,16,Webb
2020-01-29,0.27900166666666665,48029,1069,Bexar
2020-01-29,0.2176569565217391,48039,1607,Brazoria
2020-01-29,0.1568208333333333,48113,69,Dallas
2020-01-29,0.33453047619047616,48141,44,El Paso
2020-01-29,0.2468208333333333,48141,1021,El Paso
2020-01-29,0.18113958333333338,48201,1035,Harris
2020-01-29,0.2939004166666666,48245,628,Jefferson
2020-01-29,0.11669333333333332,48439,1053,Tarrant
2020-01-29,0.2141920833333334,48453,1068,Travis
2020-01-29,0.20110952380952385,48479,16,Webb
2020-01-30,0.26774875000000004,48029,1069,Bexar
2020-01-30,0.2243113043478261,48039,1607,Brazoria
2020-01-30,0.19792875,48113,69,Dallas
2020-01-30,0.25176666666666664,48141,44,El Paso
2020-01-30,0.21531958333333334,48141,1021,El Paso
2020-01-30,0.20458347826086956,48201,1035,Harris
2020-01-30,0.3281241666666667,48245,628,Jefferson
2020-01-30,0.15691541666666667,48439,1053,Tarrant
2020-01-30,0.21894875000000003,48453,1068,Travis
2020-01-30,0.17457625000000002,48479,16,Webb
2020-01-31,0.43610625,48029,1069,Bexar
2020-01-31,0.2508939130434783,48039,1607,Brazoria
2020-01-31,0.19548041666666663,48113,69,Dallas
2020-01-31,0.32673391304347826,48141,44,El Paso
2020-01-31,0.20727166666666663,48141,1021,El Paso
2020-01-31,0.32000541666666665,48201,1035,Harris
2020-01-31,0.33710624999999994,48245,628,Jefferson
2020-01-31,0.17844000000000002,48439,1053,Tarrant
2020-01-31,0.25354541666666663,48453,1068,Travis
2020-01-31,0.20682041666666665,48479,16,Webb
2020-02-01,0.4664129166666667,48029,1069,Bexar
2020-02-01,0.25795409090909094,48039,1607,Brazoria
2020-02-01,0.4072145833333332,48113,69,Dallas
2020-02-01,0.32879416666666667,48141,44,El Paso
2020-02-01,0.22534999999999997,48141,1021,El Paso
2020-02-01,0.5262850000000002,48201,1035,Harris
2020-02-01,0.35233875,48245,628,Jefferson
2020-02-01,0.3882537499999999,48439,1053,Tarrant
2020-02-01,0.49738499999999997,48453,1068,Travis
2020-02-01,0.6002754166666666,48479,16,Webb
2020-02-02,0.4484047826086957,48029,1069,Bexar
2020-02-02,0.2249878260869565,48039,1607,Brazoria
2020-02-02,0.22017652173913038,48113,69,Dallas
2020-02-02,0.6120721739130436,48141,44,El Paso
2020-02-02,0.3165539130434782,48141,1021,El Paso
2020-02-02,0.23309826086956528,48201,1035,Harris
2020-02-02,0.3387104347826086,48245,628,Jefferson
2020-02-02,0.2546452173913043,48439,1053,Tarrant
2020-02-02,0.4893165217391306,48453,1068,Travis
2020-02-02,0.32106434782608695,48479,16,Webb
2020-02-03,0.2670658333333333,48029,1069,Bexar
2020-02-03,0.18636565217391304,48039,1607,Brazoria
2020-02-03,0.23890250000000002,48113,69,Dallas
2020-02-03,0.13206833333333332,48141,44,El Paso
2020-02-03,0.18800833333333333,48141,1021,El Paso
2020-02-03,0.15956874999999998,48201,1035,Harris
2020-02-03,0.3251854166666667,48245,628,Jefferson
2020-02-03,0.2965258333333332,48439,1053,Tarrant
2020-02-03,0.375814347826087,48453,1068,Travis
2020-02-03,0.21024250000000003,48479,16,Webb
2020-02-04,0.30864958333333337,48029,1069,Bexar
2020-02-04,0.1932126086956522,48039,1607,Brazoria
2020-02-04,0.2538358333333333,48113,69,Dallas
2020-02-04,0.16860874999999997,48141,44,El Paso
2020-02-04,0.1719513043478261,48141,1021,El Paso
2020-02-04,0.16915217391304346,48201,1035,Harris
2020-02-04,0.33251125,48245,628,Jefferson
2020-02-04,0.2074358333333333,48439,1053,Tarrant
2020-02-04,0.3437141666666667,48453,1068,Travis
2020-02-04,0.3888433333333334,48479,16,Webb
2020-02-05,0.2640266666666667,48029,1069,Bexar
2020-02-05,0.23756043478260863,48039,1607,Brazoria
2020-02-05,0.26735916666666665,48113,69,Dallas
2020-02-05,0.1926475,48141,44,El Paso
2020-02-05,0.19255541666666665,48141,1021,El Paso
2020-02-05,0.18065875,48201,1035,Harris
2020-02-05,0.3268283333333334,48245,628,Jefferson
2020-02-05,0.15495250000000002,48439,1053,Tarrant
2020-02-05,0.17073416666666671,48453,1068,Travis
2020-02-05,0.13230083333333334,48479,16,Webb
2020-02-06,0.4209895454545455,48029,1069,Bexar
2020-02-06,0.21181086956521739,48039,1607,Brazoria
2020-02-06,0.27235125,48113,69,Dallas
2020-02-06,0.20363333333333333,48141,44,El Paso
2020-02-06,0.18943545454545455,48141,1021,El Paso
2020-02-06,0.20849625000000002,48201,1035,Harris
2020-02-06,0.33662041666666664,48245,628,Jefferson
2020-02-06,0.2692375,48439,1053,Tarrant
2020-02-06,0.33249166666666663,48453,1068,Travis
2020-02-06,0.16132500000000002,48479,16,Webb
2020-02-07,0.59682125,48029,1069,Bexar
2020-02-07,0.1631769565217391,48039,1607,Brazoria
2020-02-07,0.4868729166666666,48113,69,Dallas
2020-02-07,0.24327499999999994,48141,44,El Paso
2020-02-07,0.1879795833333333,48141,1021,El Paso
2020-02-07,0.27224291666666667,48201,1035,Harris
2020-02-07,0.31002608695652173,48245,628,Jefferson
2020-02-07,0.31182124999999994,48439,1053,Tarrant
2020-02-07,0.42808416666666665,48453,1068,Travis
2020-02-07,0.3422554166666667,48479,16,Webb
2020-02-08,0.25303916666666665,48029,1069,Bexar
2020-02-08,0.1420078260869565,48039,1607,Brazoria
2020-02-08,0.4695850000000001,48113,69,Dallas
2020-02-08,0.44115875,48141,44,El Paso
2020-02-08,0.1692825,48141,1021,El Paso
2020-02-08,0.2506958333333333,48201,1035,Harris
2020-02-08,0.31048625,48245,628,Jefferson
2020-02-08,0.45242625000000003,48439,1053,Tarrant
2020-02-08,0.3731212499999999,48453,1068,Travis
2020-02-08,0.17329875000000003,48479,16,Webb
2020-02-09,0.256095,48029,1069,Bexar
2020-02-09,0.1039491304347826,48039,1607,Brazoria
2020-02-09,0.1818773913043478,48113,69,Dallas
2020-02-09,0.37261136363636366,48141,44,El Paso
2020-02-09,0.17744454545454544,48141,1021,El Paso
2020-02-09,0.13895590909090905,48201,1035,Harris
2020-02-09,0.28379043478260874,48245,628,Jefferson
2020-02-09,0.2921509090909091,48439,1053,Tarrant
2020-02-09,0.3855536363636363,48453,1068,Travis
2020-02-09,0.20259954545454545,48479,16,Webb
2020-02-10,0.31301000000000007,48029,1069,Bexar
2020-02-10,0.10169578947368421,48039,1607,Brazoria
2020-02-10,0.16378,48113,69,Dallas
2020-02-10,0.28903375,48141,44,El Paso
2020-02-10,0.1540533333333333,48141,1021,El Paso
2020-02-10,0.15995916666666668,48201,1035,Harris
2020-02-10,0.2739404545454545,48245,628,Jefferson
2020-02-10,0.12984208333333333,48439,1053,Tarrant
2020-02-10,0.30148375000000005,48453,1068,Travis
2020-02-10,0.2220395652173913,48479,16,Webb
2020-02-11,0.29744541666666663,48029,1069,Bexar
2020-02-11,0.1833336363636364,48039,1607,Brazoria
2020-02-11,0.19031499999999998,48113,69,Dallas
2020-02-11,0.2534075,48141,44,El Paso
2020-02-11,0.18611000000000003,48141,1021,El Paso
2020-02-11,0.19717458333333338,48201,1035,Harris
2020-02-11,0.23339125000000002,48245,628,Jefferson
2020-02-11,0.1452808695652174,48439,1053,Tarrant
2020-02-11,0.21994833333333333,48453,1068,Travis
2020-02-11,0.1806658333333333,48479,16,Webb
2020-02-12,0.4467520833333334,48029,1069,Bexar
2020-02-12,0.16362217391304346,48039,1607,Brazoria
2020-02-12,0.22038904761904762,48113,69,Dallas
2020-02-12,0.5953320833333334,48141,44,El Paso
2020-02-12,0.20285166666666665,48141,1021,El Paso
2020-02-12,0.26987625,48201,1035,Harris
2020-02-12,0.13234916666666666,48245,628,Jefferson
2020-02-12,0.24695541666666665,48439,1053,Tarrant
2020-02-12,0.42084208333333334,48453,1068,Travis
2020-02-12,0.24950666666666665,48479,16,Webb
2020-02-13,0.2791483333333334,48029,1069,Bexar
2020-02-13,0.19721043478260866,48039,1607,Brazoria
2020-02-13,0.24101125,48113,69,Dallas
2020-02-13,0.6115141666666669,48141,44,El Paso
2020-02-13,0.28034333333333333,48141,1021,El Paso
2020-02-13,0.17614749999999998,48201,1035,Harris
2020-02-13,0.1267508695652174,48245,628,Jefferson
2020-02-13,0.15730791666666663,48439,1053,Tarrant
2020-02-13,0.2803866666666666,48453,1068,Travis
2020-02-13,0.2058804166666666,48479,16,Webb
2020-02-14,0.2499958333333334,48029,1069,Bexar
2020-02-14,0.15948,48039,1607,Brazoria
2020-02-14,0.26651,48113,69,Dallas
2020-02-14,0.47707708333333315,48141,44,El Paso
2020-02-14,0.3510195833333334,48141,1021,El Paso
2020-02-14,0.22135791666666663,48201,1035,Harris
2020-02-14,0.13261625,48245,628,Jefferson
2020-02-14,0.25870375000000007,48439,1053,Tarrant
2020-02-14,0.34800458333333323,48453,1068,Travis
2020-02-14,0.19812666666666667,48479,16,Webb
2020-02-15,0.3997691666666667,48029,1069,Bexar
2020-02-15,0.16733347826086956,48039,1607,Brazoria
2020-02-15,0.25637666666666664,48113,69,Dallas
2020-02-15,0.5043195833333334,48141,44,El Paso
2020-02-15,0.20917041666666672,48141,1021,El Paso
2020-02-15,0.2212970833333334,48201,1035,Harris
2020-02-15,0.15373958333333332,48245,628,Jefferson
2020-02-15,0.2804729166666667,48439,1053,Tarrant
2020-02-15,0.54595375,48453,1068,Travis
2020-02-15,0.33534375,48479,16,Webb
2020-02-16,0.5858808695652173,48029,1069,Bexar
2020-02-16,0.15201565217391305,48039,1607,Brazoria
2020-02-16,0.215774347826087,48113,69,Dallas
2020-02-16,0.20182913043478265,48141,44,El Paso
2020-02-16,0.21018260869565217,48141,1021,El Paso
2020-02-16,0.21514217391304347,48201,1035,Harris
2020-02-16,0.17348652173913043,48245,628,Jefferson
2020-02-16,0.3093526086956522,48439,1053,Tarrant
2020-02-16,0.5401717391304347,48453,1068,Travis
2020-02-16,0.3232582608695653,48479,16,Webb
2020-02-17,0.35329291666666673,48029,1069,Bexar
2020-02-17,0.1325117391304348,48039,1607,Brazoria
2020-02-17,0.16733333333333333,48113,69,Dallas
2020-02-17,0.14513166666666666,48141,44,El Paso
2020-02-17,0.17857333333333333,48141,1021,El Paso
2020-02-17,0.17238750000000003,48201,1035,Harris
2020-02-17,0.1512375,48245,628,Jefferson
2020-02-17,0.32722249999999997,48439,1053,Tarrant
2020-02-17,0.47558125000000007,48453,1068,Travis
2020-02-17,0.2287729166666667,48479,16,Webb
2020-02-18,0.2985217391304348,48029,1069,Bexar
2020-02-18,0.11669086956521739,48039,1607,Brazoria
2020-02-18,0.1719595833333333,48113,69,Dallas
2020-02-18,0.2661041666666666,48141,44,El Paso
2020-02-18,0.1860675,48141,1021,El Paso
2020-02-18,0.19054583333333333,48201,1035,Harris
2020-02-18,0.14025458333333338,48245,628,Jefferson
2020-02-18,0.18236249999999998,48439,1053,Tarrant
2020-02-18,0.3714995833333334,48453,1068,Travis
2020-02-18,0.21276583333333332,48479,16,Webb
2020-02-19,0.3025820833333333,48029,1069,Bexar
2020-02-19,0.18204130434782606,48039,1607,Brazoria
2020-02-19,0.1430433333333333,48113,69,Dallas
2020-02-19,0.3330066666666667,48141,44,El Paso
2020-02-19,0.1964252380952381,48141,1021,El Paso
2020-02-19,0.16589500000000001,48201,1035,Harris
2020-02-19,0.16228041666666668,48245,628,Jefferson
2020-02-19,0.18137124999999998,48439,1053,Tarrant
2020-02-19,0.23183909090909094,48453,1068,Travis
2020-02-19,0.18429666666666666,48479,16,Webb
2020-02-20,0.3100308333333333,48029,1069,Bexar
2020-02-20,0.18800739130434785,48039,1607,Brazoria
2020-02-20,0.15822736842105262,48113,69,Dallas
2020-02-20,0.16386125,48141,1021,El Paso
2020-02-20,0.15884708333333333,48201,1035,Harris
2020-02-20,0.1671525,48245,628,Jefferson
2020-02-20,0.13938458333333334,48439,1053,Tarrant
2020-02-20,0.21285416666666665,48453,1068,Travis
2020-02-20,0.2038566666666666,48479,16,Webb
2020-02-21,0.24990500000000002,48029,1069,Bexar
2020-02-21,0.17582130434782609,48039,1607,Brazoria
2020-02-21,0.23033458333333334,48113,69,Dallas
2020-02-21,0.17117833333333332,48141,1021,El Paso
2020-02-21,0.18697666666666665,48201,1035,Harris
2020-02-21,0.2070841666666667,48245,628,Jefferson
2020-02-21,0.2531929166666666,48439,1053,Tarrant
2020-02-21,0.30325625,48453,1068,Travis
2020-02-21,0.22269833333333336,48479,16,Webb
2020-02-22,0.22180458333333333,48029,1069,Bexar
2020-02-22,0.16087695652173914,48039,1607,Brazoria
2020-02-22,0.2297658333333333,48113,69,Dallas
2020-02-22,0.27060125000000007,48141,1021,El Paso
2020-02-22,0.21545916666666665,48201,1035,Harris
2020-02-22,0.2049645833333333,48245,628,Jefferson
2020-02-22,0.30149875000000004,48439,1053,Tarrant
2020-02-22,0.376625,48453,1068,Travis
2020-02-22,0.22388208333333326,48479,16,Webb
2020-02-23,0.23432608695652177,48029,1069,Bexar
2020-02-23,0.13674,48039,1607,Brazoria
2020-02-23,0.16389695652173913,48113,69,Dallas
2020-02-23,0.15712086956521737,48141,1021,El Paso
2020-02-23,0.20063217391304347,48201,1035,Harris
2020-02-23,0.20173625000000003,48245,628,Jefferson
2020-02-23,0.26948260869565216,48439,1053,Tarrant
2020-02-23,0.41492695652173917,48453,1068,Travis
2020-02-23,0.2464530434782609,48479,16,Webb
2020-02-24,0.5067075,48029,1069,Bexar
2020-02-24,0.15032652173913044,48039,1607,Brazoria
2020-02-24,0.12760208333333334,48113,69,Dallas
2020-02-24,0.15914249999999994,48141,1021,El Paso
2020-02-24,0.3412370833333333,48201,1035,Harris
2020-02-24,0.205765,48245,628,Jefferson
2020-02-24,0.2009370833333333,48439,1053,Tarrant
2020-02-24,0.41778291666666667,48453,1068,Travis
2020-02-24,0.18638521739130437,48479,16,Webb
2020-02-25,0.4775116666666668,48029,1069,Bexar
2020-02-25,0.20562826086956526,48039,1607,Brazoria
2020-02-25,0.14503,48113,69,Dallas
2020-02-25,0.165125,48141,1021,El Paso
2020-02-25,0.3235143478260869,48201,1035,Harris
2020-02-25,0.25513958333333325,48245,628,Jefferson
2020-02-25,0.32231125,48453,1068,Travis
2020-02-25,0.1991379166666667,48479,16,Webb
2020-02-26,0.32061,48029,1069,Bexar
2020-02-26,0.18489130434782614,48039,1607,Brazoria
2020-02-26,0.07540416666666667,48113,69,Dallas
2020-02-26,0.21431208333333332,48141,1021,El Paso
2020-02-26,0.17507458333333334,48201,1035,Harris
2020-02-26,0.21665583333333327,48245,628,Jefferson
2020-02-26,0.17482,48453,1068,Travis
2020-02-26,0.14651708333333333,48479,16,Webb
2020-02-27,0.5168262500000002,48029,1069,Bexar
2020-02-27,0.17758478260869562,48039,1607,Brazoria
2020-02-27,0.2806509523809524,48113,69,Dallas
2020-02-27,0.2835733333333333,48141,1021,El Paso
2020-02-27,0.28706625,48201,1035,Harris
2020-02-27,0.27086875,48245,628,Jefferson
2020-02-27,0.3849195833333334,48439,1053,Tarrant
2020-02-27,0.39621708333333333,48453,1068,Travis
2020-02-27,0.287395,48479,16,Webb
2020-02-28,0.4163841666666666,48029,1069,Bexar
2020-02-28,0.19246391304347832,48039,1607,Brazoria
2020-02-28,0.41741916666666673,48113,69,Dallas
2020-02-28,0.4486154166666667,48141,44,El Paso
2020-02-28,0.2818804166666667,48141,1021,El Paso
2020-02-28,0.35984,48201,1035,Harris
2020-02-28,0.25269666666666674,48245,628,Jefferson
2020-02-28,0.3352308333333333,48439,1053,Tarrant
2020-02-28,0.4767879166666667,48453,1068,Travis
2020-02-28,0.2286125,48479,16,Webb
2020-02-29,0.31719041666666664,48029,1069,Bexar
2020-02-29,0.17117409090909091,48039,1607,Brazoria
2020-02-29,0.3215883333333333,48113,69,Dallas
2020-02-29,0.40041125000000005,48141,44,El Paso
2020-02-29,0.32562875,48141,1021,El Paso
2020-02-29,0.26739458333333327,48201,1035,Harris
2020-02-29,0.2492825,48245,628,Jefferson
2020-02-29,0.33547875000000005,48439,1053,Tarrant
2020-02-29,0.4680933333333333,48453,1068,Travis
2020-02-29,0.17949875,48479,16,Webb
2020-03-01,0.2692452173913044,48029,1069,Bexar
2020-03-01,0.146474347826087,48039,1607,Brazoria
2020-03-01,0.11548478260869566,48113,69,Dallas
2020-03-01,0.15889826086956524,48141,44,El Paso
2020-03-01,0.12245521739130436,48141,1021,El Paso
2020-03-01,0.14325608695652173,48201,1035,Harris
2020-03-01,0.20559434782608693,48245,628,Jefferson
2020-03-01,0.2504808695652173,48439,1053,Tarrant
2020-03-01,0.386805652173913,48453,1068,Travis
2020-03-01,0.2300069565217391,48479,16,Webb
2020-03-02,0.39384375,48029,1069,Bexar
2020-03-02,0.14845347826086955,48039,1607,Brazoria
2020-03-02,0.19236833333333334,48113,69,Dallas
2020-03-02,0.25712083333333335,48141,44,El Paso
2020-03-02,0.14339208333333334,48141,1021,El Paso
2020-03-02,0.1498845833333333,48201,1035,Harris
2020-03-02,0.2308566666666666,48245,628,Jefferson
2020-03-02,0.34041916666666666,48439,1053,Tarrant
2020-03-02,0.4813716666666668,48453,1068,Travis
2020-03-02,0.23328000000000004,48479,16,Webb
2020-03-03,0.35232375,48029,1069,Bexar
2020-03-03,0.15833304347826085,48039,1607,Brazoria
2020-03-03,0.3295195238095238,48113,69,Dallas
2020-03-03,0.21551208333333335,48141,44,El Paso
2020-03-03,0.09009950000000001,48141,1021,El Paso
2020-03-03,0.19649083333333336,48201,1035,Harris
2020-03-03,0.24285916666666674,48245,628,Jefferson
2020-03-03,0.3679491666666667,48439,1053,Tarrant
2020-03-03,0.4857483333333333,48453,1068,Travis
2020-03-03,0.2333025,48479,16,Webb
2020-03-04,0.35396625,48029,1069,Bexar
2020-03-04,0.15457695652173914,48039,1607,Brazoria
2020-03-04,0.13057454545454544,48113,69,Dallas
2020-03-04,0.18122916666666666,48141,44,El Paso
2020-03-04,0.09635208333333334,48141,1021,El Paso
2020-03-04,0.1331325,48201,1035,Harris
2020-03-04,0.1935766666666667,48245,628,Jefferson
2020-03-04,0.19628583333333335,48439,1053,Tarrant
2020-03-04,0.3417405,48453,1068,Travis
2020-03-04,0.15208166666666667,48479,16,Webb
2020-03-05,0.44850350000000005,48029,1069,Bexar
2020-03-05,0.19340565217391306,48039,1607,Brazoria
2020-03-05,0.21333541666666664,48113,69,Dallas
2020-03-05,0.30406541666666664,48141,44,El Paso
2020-03-05,0.16867333333333334,48141,1021,El Paso
2020-03-05,0.21176416666666667,48201,1035,Harris
2020-03-05,0.2290041666666666,48245,628,Jefferson
2020-03-05,0.23588052631578946,48439,1053,Tarrant
2020-03-05,0.3798683333333334,48453,1068,Travis
2020-03-05,0.2755395652173913,48479,16,Webb
2020-03-06,0.32037833333333327,48029,1069,Bexar
2020-03-06,0.23683565217391303,48039,1607,Brazoria
2020-03-06,0.19185041666666666,48113,69,Dallas
2020-03-06,0.2122466666666666,48141,44,El Paso
2020-03-06,0.08664999999999999,48141,1021,El Paso
2020-03-06,0.29343391304347827,48201,1035,Harris
2020-03-06,0.28759291666666664,48245,628,Jefferson
2020-03-06,0.31542291666666666,48439,1053,Tarrant
2020-03-06,0.3784029166666667,48453,1068,Travis
2020-03-06,0.2776408333333334,48479,16,Webb
2020-03-07,0.2913341666666667,48029,1069,Bexar
2020-03-07,0.1926604347826087,48039,1607,Brazoria
2020-03-07,0.23390541666666673,48113,69,Dallas
2020-03-07,0.29273499999999997,48141,44,El Paso
2020-03-07,0.16116708333333335,48141,1021,El Paso
2020-03-07,0.19022583333333332,48201,1035,Harris
2020-03-07,0.22828666666666667,48245,628,Jefferson
2020-03-07,0.3275633333333333,48439,1053,Tarrant
2020-03-07,0.46200500000000005,48453,1068,Travis
2020-03-07,0.2031904166666667,48479,16,Webb
2020-03-08,0.21986727272727277,48029,1069,Bexar
2020-03-08,0.15900956521739132,48039,1607,Brazoria
2020-03-08,0.12950913043478257,48113,69,Dallas
2020-03-08,0.14245590909090908,48141,44,El Paso
2020-03-08,0.10308954545454546,48141,1021,El Paso
2020-03-08,0.11613590909090908,48201,1035,Harris
2020-03-08,0.2139495652173913,48245,628,Jefferson
2020-03-08,0.2611536363636363,48439,1053,Tarrant
2020-03-08,0.33105636363636365,48453,1068,Travis
2020-03-08,0.2223422727272727,48479,16,Webb
2020-03-09,0.3026487500000001,48029,1069,Bexar
2020-03-09,0.1598186956521739,48039,1607,Brazoria
2020-03-09,0.12818958333333333,48113,69,Dallas
2020-03-09,0.28061900000000006,48141,44,El Paso
2020-03-09,0.16248666666666664,48141,1021,El Paso
2020-03-09,0.15203416666666666,48201,1035,Harris
2020-03-09,0.2015031818181818,48245,628,Jefferson
2020-03-09,0.2845733333333333,48439,1053,Tarrant
2020-03-09,0.4179145833333333,48453,1068,Travis
2020-03-09,0.20421875000000003,48479,16,Webb
2020-03-10,0.31693708333333337,48029,1069,Bexar
2020-03-10,0.15205260869565215,48039,1607,Brazoria
2020-03-10,0.17760416666666665,48113,69,Dallas
2020-03-10,0.5316158333333334,48141,44,El Paso
2020-03-10,0.1711745454545455,48141,1021,El Paso
2020-03-10,0.20156,48201,1035,Harris
2020-03-10,0.20403958333333339,48245,628,Jefferson
2020-03-10,0.3204970833333333,48439,1053,Tarrant
2020-03-10,0.4638554166666667,48453,1068,Travis
2020-03-10,0.21532125,48479,16,Webb
2020-03-11,0.3330208333333334,48029,1069,Bexar
2020-03-11,0.15009739130434782,48039,1607,Brazoria
2020-03-11,0.14076238095238094,48113,69,Dallas
2020-03-11,0.33090875000000003,48141,44,El Paso
2020-03-11,0.1765566666666667,48141,1021,El Paso
2020-03-11,0.15980666666666668,48201,1035,Harris
2020-03-11,0.1588079166666667,48245,628,Jefferson
2020-03-11,0.32014708333333336,48439,1053,Tarrant
2020-03-11,0.44037250000000006,48453,1068,Travis
2020-03-11,0.2224104166666667,48479,16,Webb
2020-03-12,0.25827541666666665,48029,1069,Bexar
2020-03-12,0.1421260869565217,48039,1607,Brazoria
2020-03-12,0.1694983333333333,48113,69,Dallas
2020-03-12,0.18914380952380952,48141,44,El Paso
2020-03-12,0.13554625,48141,1021,El Paso
2020-03-12,0.12488416666666668,48201,1035,Harris
2020-03-12,0.17156291666666668,48245,628,Jefferson
2020-03-12,0.36221125000000004,48439,1053,Tarrant
2020-03-12,0.3401491666666667,48453,1068,Travis
2020-03-12,0.20784291666666674,48479,16,Webb
2020-03-13,0.2545395833333333,48029,1069,Bexar
2020-03-13,0.13190869565217392,48039,1607,Brazoria
2020-03-13,0.18180833333333335,48113,69,Dallas
2020-03-13,0.17000875000000001,48141,44,El Paso
2020-03-13,0.12475708333333331,48141,1021,El Paso
2020-03-13,0.12600833333333333,48201,1035,Harris
2020-03-13,0.1966079166666667,48245,628,Jefferson
2020-03-13,0.31421916666666666,48439,1053,Tarrant
2020-03-13,0.37310916666666666,48453,1068,Travis
2020-03-13,0.21691549999999998,48479,16,Webb
2020-03-14,0.2524920833333334,48029,1069,Bexar
2020-03-14,0.13222347826086955,48039,1607,Brazoria
2020-03-14,0.18196874999999998,48113,69,Dallas
2020-03-14,0.24429999999999996,48141,44,El Paso
2020-03-14,0.18054916666666668,48141,1021,El Paso
2020-03-14,0.11149666666666669,48201,1035,Harris
2020-03-14,0.1829741666666667,48245,628,Jefferson
2020-03-14,0.2590004166666667,48439,1053,Tarrant
2020-03-14,0.3913866666666667,48453,1068,Travis
2020-03-14,0.21980333333333332,48479,16,Webb
2020-03-15,0.31071260869565215,48029,1069,Bexar
2020-03-15,0.13655739130434785,48039,1607,Brazoria
2020-03-15,0.15011608695652173,48113,69,Dallas
2020-03-15,0.47680956521739126,48141,44,El Paso
2020-03-15,0.20940913043478257,48141,1021,El Paso
2020-03-15,0.12812521739130434,48201,1035,Harris
2020-03-15,0.18586217391304355,48245,628,Jefferson
2020-03-15,0.20746217391304353,48439,1053,Tarrant
2020-03-15,0.2886878260869565,48453,1068,Travis
2020-03-15,0.23518521739130438,48479,16,Webb
2020-03-16,0.2860225,48029,1069,Bexar
2020-03-16,0.1511813043478261,48039,1607,Brazoria
2020-03-16,0.19797291666666672,48113,69,Dallas
2020-03-16,0.35433499999999996,48141,44,El Paso
2020-03-16,0.16347130434782609,48141,1021,El Paso
2020-03-16,0.20544500000000007,48201,1035,Harris
2020-03-16,0.22210666666666667,48245,628,Jefferson
2020-03-16,0.32470958333333333,48439,1053,Tarrant
2020-03-16,0.40252499999999997,48453,1068,Travis
2020-03-16,0.19840291666666662,48479,16,Webb
2020-03-17,0.2611190476190477,48029,1069,Bexar
2020-03-17,0.13675130434782612,48039,1607,Brazoria
2020-03-17,0.2216329166666667,48113,69,Dallas
2020-03-17,0.40211916666666664,48141,44,El Paso
2020-03-17,0.13378375,48141,1021,El Paso
2020-03-17,0.12918045454545452,48201,1035,Harris
2020-03-17,0.18457208333333333,48245,628,Jefferson
2020-03-17,0.3595045833333333,48439,1053,Tarrant
2020-03-17,0.3559866666666666,48453,1068,Travis
2020-03-17,0.19406217391304348,48479,16,Webb
2020-03-18,0.28637833333333335,48029,1069,Bexar
2020-03-18,0.13315130434782607,48039,1607,Brazoria
2020-03-18,0.13839416666666665,48113,69,Dallas
2020-03-18,0.3230295833333333,48141,44,El Paso
2020-03-18,0.15699208333333334,48141,1021,El Paso
2020-03-18,0.13904958333333334,48201,1035,Harris
2020-03-18,0.16804375000000002,48245,628,Jefferson
2020-03-18,0.2829308333333333,48439,1053,Tarrant
2020-03-18,0.3258108333333333,48453,1068,Travis
2020-03-18,0.19298291666666664,48479,16,Webb
2020-03-19,0.28733083333333337,48029,1069,Bexar
2020-03-19,0.15228217391304347,48039,1607,Brazoria
2020-03-19,0.14361,48113,69,Dallas
2020-03-19,0.20605086956521737,48141,44,El Paso
2020-03-19,0.12027666666666666,48141,1021,El Paso
2020-03-19,0.16111625,48201,1035,Harris
2020-03-19,0.20156333333333332,48245,628,Jefferson
2020-03-19,0.28426857142857137,48439,1053,Tarrant
2020-03-19,0.34995791666666665,48453,1068,Travis
2020-03-19,0.20480541666666663,48479,16,Webb
2020-03-20,0.3315879166666667,48029,1069,Bexar
2020-03-20,0.15305521739130432,48039,1607,Brazoria
2020-03-20,0.18231250000000002,48113,69,Dallas
2020-03-20,0.3312328571428572,48141,44,El Paso
2020-03-20,0.14377,48141,1021,El Paso
2020-03-20,0.15334791666666664,48201,1035,Harris
2020-03-20,0.2026975,48245,628,Jefferson
2020-03-20,0.17107958333333337,48439,1053,Tarrant
2020-03-20,0.17902458333333335,48453,1068,Travis
2020-03-20,0.1842826086956522,48479,16,Webb
2020-03-21,0.2876766666666667,48029,1069,Bexar
2020-03-21,0.18868869565217394,48039,1607,Brazoria
2020-03-21,0.15245166666666668,48113,69,Dallas
2020-03-21,0.21389333333333335,48141,44,El Paso
2020-03-21,0.14724374999999998,48141,1021,El Paso
2020-03-21,0.20761791666666665,48201,1035,Harris
2020-03-21,0.2528220833333334,48245,628,Jefferson
2020-03-21,0.19685958333333328,48439,1053,Tarrant
2020-03-21,0.21209125000000006,48453,1068,Travis
2020-03-21,0.19573375000000004,48479,16,Webb
2020-03-22,0.39503869565217387,48029,1069,Bexar
2020-03-22,0.17497521739130437,48039,1607,Brazoria
2020-03-22,0.18546521739130437,48113,69,Dallas
2020-03-22,0.26502,48141,44,El Paso
2020-03-22,0.1305282608695652,48141,1021,El Paso
2020-03-22,0.18153913043478265,48201,1035,Harris
2020-03-22,0.2252760869565218,48245,628,Jefferson
2020-03-22,0.31011739130434784,48439,1053,Tarrant
2020-03-22,0.35784434782608704,48453,1068,Travis
2020-03-22,0.2639021739130435,48479,16,Webb
2020-03-23,0.34689875,48029,1069,Bexar
2020-03-23,0.15972173913043478,48039,1607,Brazoria
2020-03-23,0.22709458333333332,48113,69,Dallas
2020-03-23,0.3503612500000001,48141,44,El Paso
2020-03-23,0.1196090476190476,48141,1021,El Paso
2020-03-23,0.1802083333333333,48201,1035,Harris
2020-03-23,0.2045020833333333,48245,628,Jefferson
2020-03-23,0.3544004166666667,48439,1053,Tarrant
2020-03-23,0.4194016666666667,48453,1068,Travis
2020-03-23,0.2421854166666667,48479,16,Webb
2020-03-24,0.4024708333333334,48029,1069,Bexar
2020-03-24,0.1594821739130435,48039,1607,Brazoria
2020-03-24,0.16338624999999998,48113,69,Dallas
2020-03-24,0.1722891666666667,48141,44,El Paso
2020-03-24,0.14185799999999998,48141,1021,El Paso
2020-03-24,0.18336708333333332,48201,1035,Harris
2020-03-24,0.21648166666666668,48245,628,Jefferson
2020-03-24,0.30611375,48439,1053,Tarrant
2020-03-24,0.27901624999999997,48453,1068,Travis
2020-03-24,0.21630041666666666,48479,16,Webb
2020-03-25,0.34844416666666667,48029,1069,Bexar
2020-03-25,0.1670539130434783,48039,1607,Brazoria
2020-03-25,0.27464583333333337,48113,69,Dallas
2020-03-25,0.19403291666666667,48141,44,El Paso
2020-03-25,0.22159916666666668,48141,1021,El Paso
2020-03-25,0.17915166666666668,48201,1035,Harris
2020-03-25,0.21570541666666668,48245,628,Jefferson
2020-03-25,0.4334925,48439,1053,Tarrant
2020-03-25,0.4006758333333334,48453,1068,Travis
2020-03-25,0.2374225,48479,16,Webb
2020-03-26,0.2821741666666667,48029,1069,Bexar
2020-03-26,0.17900913043478262,48039,1607,Brazoria
2020-03-26,0.17885208333333336,48113,69,Dallas
2020-03-26,0.20072478260869567,48141,44,El Paso
2020-03-26,0.18864583333333332,48141,1021,El Paso
2020-03-26,0.17849291666666667,48201,1035,Harris
2020-03-26,0.22660523809523814,48245,628,Jefferson
2020-03-26,0.3213220833333333,48439,1053,Tarrant
2020-03-26,0.32231619047619053,48453,1068,Travis
2020-03-26,0.21894208333333331,48479,16,Webb
2020-03-27,0.2909391666666667,48029,1069,Bexar
2020-03-27,0.1520413043478261,48039,1607,Brazoria
2020-03-27,0.16675791666666664,48113,69,Dallas
2020-03-27,0.13687458333333333,48141,44,El Paso
2020-03-27,0.1849291666666667,48141,1021,El Paso
2020-03-27,0.162115,48201,1035,Harris
2020-03-27,0.1470483333333333,48245,628,Jefferson
2020-03-27,0.3346529166666667,48439,1053,Tarrant
2020-03-27,0.3480045833333334,48453,1068,Travis
2020-03-27,0.2410175,48479,16,Webb
2020-03-28,0.3589304166666667,48029,1069,Bexar
2020-03-28,0.1654918181818182,48039,1607,Brazoria
2020-03-28,0.20151541666666664,48113,69,Dallas
2020-03-28,0.2181929166666667,48141,44,El Paso
2020-03-28,0.2256,48141,1021,El Paso
2020-03-28,0.18999125000000003,48201,1035,Harris
2020-03-28,0.18340333333333328,48245,628,Jefferson
2020-03-28,0.2785141666666667,48439,1053,Tarrant
2020-03-28,0.35958291666666664,48453,1068,Travis
2020-03-28,0.22419499999999995,48479,16,Webb
2020-03-29,0.2518826086956522,48029,1069,Bexar
2020-03-29,0.18908260869565216,48039,1607,Brazoria
2020-03-29,0.23391130434782606,48113,69,Dallas
2020-03-29,0.29165478260869565,48141,44,El Paso
2020-03-29,0.2782230434782608,48141,1021,El Paso
2020-03-29,0.22757521739130435,48201,1035,Harris
2020-03-29,0.19109434782608692,48245,628,Jefferson
2020-03-29,0.265704347826087,48439,1053,Tarrant
2020-03-29,0.28966086956521736,48453,1068,Travis
2020-03-29,0.17130347826086958,48479,16,Webb
2020-03-30,0.4137229166666667,48029,1069,Bexar
2020-03-30,0.1816195652173913,48039,1607,Brazoria
2020-03-30,0.19611363636363635,48113,69,Dallas
2020-03-30,0.21632625000000003,48141,44,El Paso
2020-03-30,0.2353559090909091,48141,1021,El Paso
2020-03-30,0.17931958333333334,48201,1035,Harris
2020-03-30,0.19876124999999997,48245,628,Jefferson
2020-03-30,0.25964625,48439,1053,Tarrant
2020-03-30,0.44298250000000006,48453,1068,Travis
2020-03-30,0.26386875000000004,48479,16,Webb
2020-03-31,0.3826987500000001,48029,1069,Bexar
2020-03-31,0.19974652173913043,48039,1607,Brazoria
2020-03-31,0.15386272727272726,48113,69,Dallas
2020-03-31,0.333075,48141,44,El Paso
2020-03-31,0.2903745833333333,48141,1021,El Paso
2020-03-31,0.1789554166666667,48201,1035,Harris
2020-03-31,0.21080958333333336,48245,628,Jefferson
2020-03-31,0.2239291666666667,48439,1053,Tarrant
2020-03-31,0.28932375000000005,48453,1068,Travis
2020-03-31,0.144135,48479,16,Webb
2020-04-01,0.2232420833333333,48029,1069,Bexar
2020-04-01,0.17198130434782608,48039,1607,Brazoria
2020-04-01,0.19413124999999998,48113,69,Dallas
2020-04-01,0.29708833333333334,48141,44,El Paso
2020-04-01,0.23286875000000004,48141,1021,El Paso
2020-04-01,0.17428249999999998,48201,1035,Harris
2020-04-01,0.2004737500000001,48245,628,Jefferson
2020-04-01,0.2969658333333333,48439,1053,Tarrant
2020-04-01,0.35332916666666664,48453,1068,Travis
2020-04-01,0.14426304347826088,48479,16,Webb
2020-04-02,0.2688763636363636,48029,1069,Bexar
2020-04-02,0.16065217391304348,48039,1607,Brazoria
2020-04-02,0.1575808695652174,48113,69,Dallas
2020-04-02,0.17891124999999997,48141,44,El Paso
2020-04-02,0.21764666666666668,48141,1021,El Paso
2020-04-02,0.13894583333333332,48201,1035,Harris
2020-04-02,0.21938666666666662,48245,628,Jefferson
2020-04-02,0.27463083333333344,48439,1053,Tarrant
2020-04-02,0.39394291666666675,48453,1068,Travis
2020-04-02,0.16935916666666664,48479,16,Webb
2020-04-03,0.29158190476190476,48029,1069,Bexar
2020-04-03,0.16647304347826083,48039,1607,Brazoria
2020-04-03,0.10901666666666665,48113,69,Dallas
2020-04-03,0.22025041666666664,48141,44,El Paso
2020-04-03,0.3869163636363637,48141,1021,El Paso
2020-04-03,0.17666130434782606,48201,1035,Harris
2020-04-03,0.21310125,48245,628,Jefferson
2020-04-03,0.18939916666666665,48439,1053,Tarrant
2020-04-03,0.3459929166666667,48453,1068,Travis
2020-04-03,0.18224208333333336,48479,16,Webb
2020-04-04,0.2647466666666667,48029,1069,Bexar
2020-04-04,0.2230582608695652,48039,1607,Brazoria
2020-04-04,0.11842083333333331,48113,69,Dallas
2020-04-04,0.25833541666666665,48141,44,El Paso
2020-04-04,0.22628,48141,1021,El Paso
2020-04-04,0.20013625000000002,48201,1035,Harris
2020-04-04,0.24227999999999997,48245,628,Jefferson
2020-04-04,0.15921249999999995,48439,1053,Tarrant
2020-04-04,0.23600916666666663,48453,1068,Travis
2020-04-04,0.1497295833333333,48479,16,Webb
2020-04-05,0.26506318181818184,48029,1069,Bexar
2020-04-05,0.21984260869565217,48039,1607,Brazoria
2020-04-05,0.17267652173913045,48113,69,Dallas
2020-04-05,0.18908363636363637,48141,44,El Paso
2020-04-05,0.14255,48141,1021,El Paso
2020-04-05,0.2028168181818182,48201,1035,Harris
2020-04-05,0.24742782608695651,48245,628,Jefferson
2020-04-05,0.2639836363636363,48439,1053,Tarrant
2020-04-05,0.3783809090909091,48453,1068,Travis
2020-04-05,0.1871659090909091,48479,16,Webb
2020-04-06,0.31462208333333336,48029,1069,Bexar
2020-04-06,0.1860508695652174,48039,1607,Brazoria
2020-04-06,0.28053124999999995,48113,69,Dallas
2020-04-06,0.178075,48141,44,El Paso
2020-04-06,0.07543611111111112,48141,1021,El Paso
2020-04-06,0.23791000000000004,48201,1035,Harris
2020-04-06,0.22852272727272727,48245,628,Jefferson
2020-04-06,0.3665020833333334,48439,1053,Tarrant
2020-04-06,0.5317954166666667,48453,1068,Travis
2020-04-06,0.3515633333333334,48479,16,Webb
2020-04-07,0.4381087500000001,48029,1069,Bexar
2020-04-07,0.17557956521739132,48039,1607,Brazoria
2020-04-07,0.2527779166666666,48113,69,Dallas
2020-04-07,0.19487458333333332,48141,44,El Paso
2020-04-07,0.061224999999999995,48141,1021,El Paso
2020-04-07,0.18908041666666667,48201,1035,Harris
2020-04-07,0.16484909090909092,48245,628,Jefferson
2020-04-07,0.34998541666666655,48439,1053,Tarrant
2020-04-07,0.44394,48453,1068,Travis
2020-04-07,0.2859545833333333,48479,16,Webb
2020-04-08,0.4652745454545455,48029,1069,Bexar
2020-04-08,0.1741186956521739,48039,1607,Brazoria
2020-04-08,0.2782833333333333,48113,69,Dallas
2020-04-08,0.18527083333333336,48141,44,El Paso
2020-04-08,0.08311041666666667,48141,1021,El Paso
2020-04-08,0.216515,48201,1035,Harris
2020-04-08,0.12287400000000001,48245,628,Jefferson
2020-04-08,0.3727108333333333,48439,1053,Tarrant
2020-04-08,0.4881783333333333,48453,1068,Travis
2020-04-08,0.2779979166666667,48479,16,Webb
2020-04-09,0.4609025,48029,1069,Bexar
2020-04-09,0.21486782608695656,48039,1607,Brazoria
2020-04-09,0.18650166666666665,48113,69,Dallas
2020-04-09,0.1817904347826087,48141,44,El Paso
2020-04-09,0.07371958333333332,48141,1021,El Paso
2020-04-09,0.21095375000000005,48201,1035,Harris
2020-04-09,0.19339125,48245,628,Jefferson
2020-04-09,0.36431041666666664,48439,1053,Tarrant
2020-04-09,0.42442,48453,1068,Travis
2020-04-09,0.24418375,48479,16,Webb
2020-04-10,0.32226041666666666,48029,1069,Bexar
2020-04-10,0.19086913043478262,48039,1607,Brazoria
2020-04-10,0.16465749999999998,48113,69,Dallas
2020-04-10,0.22812124999999997,48141,44,El Paso
2020-04-10,0.09477875000000001,48141,1021,El Paso
2020-04-10,0.17627958333333335,48201,1035,Harris
2020-04-10,0.20605333333333334,48245,628,Jefferson
2020-04-10,0.253175,48439,1053,Tarrant
2020-04-10,0.3867508333333333,48453,1068,Travis
2020-04-10,0.22055750000000005,48479,16,Webb
2020-04-11,0.28978458333333335,48029,1069,Bexar
2020-04-11,0.1909704347826087,48039,1607,Brazoria
2020-04-11,0.17407916666666667,48113,69,Dallas
2020-04-11,0.19537416666666663,48141,44,El Paso
2020-04-11,0.09808125000000001,48141,1021,El Paso
2020-04-11,0.17900083333333336,48201,1035,Harris
2020-04-11,0.22105333333333332,48245,628,Jefferson
2020-04-11,0.30695333333333336,48439,1053,Tarrant
2020-04-11,0.4560000000000001,48453,1068,Travis
2020-04-11,0.24666666666666667,48479,16,Webb
2020-04-12,0.3383517391304348,48029,1069,Bexar
2020-04-12,0.2727652173913044,48039,1607,Brazoria
2020-04-12,0.14589999999999997,48113,69,Dallas
2020-04-12,0.1337121739130435,48141,44,El Paso
2020-04-12,0.08861913043478262,48141,1021,El Paso
2020-04-12,0.2175808695652174,48201,1035,Harris
2020-04-12,0.29302260869565216,48245,628,Jefferson
2020-04-12,0.22297608695652174,48439,1053,Tarrant
2020-04-12,0.2983617391304348,48453,1068,Travis
2020-04-12,0.23098434782608693,48479,16,Webb
2020-04-13,0.24152833333333334,48029,1069,Bexar
2020-04-13,0.22745130434782612,48039,1607,Brazoria
2020-04-13,0.14206041666666666,48113,69,Dallas
2020-04-13,0.13386714285714285,48141,44,El Paso
2020-04-13,0.12852916666666667,48141,1021,El Paso
2020-04-13,0.16594916666666668,48201,1035,Harris
2020-04-13,0.25733750000000005,48245,628,Jefferson
2020-04-13,0.12456708333333334,48439,1053,Tarrant
2020-04-13,0.2186918181818182,48453,1068,Travis
2020-04-13,0.15182416666666662,48479,16,Webb
2020-04-14,0.25166375,48029,1069,Bexar
2020-04-14,0.2217760869565217,48039,1607,Brazoria
2020-04-14,0.14704083333333334,48113,69,Dallas
2020-04-14,0.2162561904761905,48141,44,El Paso
2020-04-14,0.14827875000000001,48141,1021,El Paso
2020-04-14,0.16138625,48201,1035,Harris
2020-04-14,0.27352,48245,628,Jefferson
2020-04-14,0.13496105263157898,48439,1053,Tarrant
2020-04-14,0.20337791666666669,48453,1068,Travis
2020-04-14,0.16154500000000002,48479,16,Webb
2020-04-15,0.257565,48029,1069,Bexar
2020-04-15,0.20869521739130437,48039,1607,Brazoria
2020-04-15,0.19987625,48113,69,Dallas
2020-04-15,0.2506829166666667,48141,44,El Paso
2020-04-15,0.16732000000000002,48141,1021,El Paso
2020-04-15,0.18217304347826088,48201,1035,Harris
2020-04-15,0.27423666666666663,48245,628,Jefferson
2020-04-15,0.27001458333333334,48439,1053,Tarrant
2020-04-15,0.26561874999999996,48453,1068,Travis
2020-04-15,0.16654958333333333,48479,16,Webb
2020-04-16,0.243685,48029,1069,Bexar
2020-04-16,0.19672565217391308,48039,1607,Brazoria
2020-04-16,0.17955958333333333,48113,69,Dallas
2020-04-16,0.23600666666666673,48141,44,El Paso
2020-04-16,0.16034291666666664,48141,1021,El Paso
2020-04-16,0.1885845833333333,48201,1035,Harris
2020-04-16,0.27753583333333326,48245,628,Jefferson
2020-04-16,0.2714754166666666,48439,1053,Tarrant
2020-04-16,0.3571804166666667,48453,1068,Travis
2020-04-16,0.16442136363636362,48479,16,Webb
2020-04-17,0.31204708333333336,48029,1069,Bexar
2020-04-17,0.19050000000000003,48039,1607,Brazoria
2020-04-17,0.176095,48113,69,Dallas
2020-04-17,0.25254666666666664,48141,44,El Paso
2020-04-17,0.1857075,48201,1035,Harris
2020-04-17,0.25443333333333334,48245,628,Jefferson
2020-04-17,0.22141916666666664,48439,1053,Tarrant
2020-04-17,0.3644029166666667,48453,1068,Travis
2020-04-17,0.20000041666666668,48479,16,Webb
2020-04-18,0.29644458333333334,48029,1069,Bexar
2020-04-18,0.22561521739130438,48039,1607,Brazoria
2020-04-18,0.18738749999999993,48113,69,Dallas
2020-04-18,0.19765,48141,44,El Paso
2020-04-18,0.21692291666666666,48201,1035,Harris
2020-04-18,0.2871641666666667,48245,628,Jefferson
2020-04-18,0.28388166666666664,48439,1053,Tarrant
2020-04-18,0.31753875000000004,48453,1068,Travis
2020-04-18,0.21167041666666672,48479,16,Webb
2020-04-19,0.4155352173913044,48029,1069,Bexar
2020-04-19,0.26256,48039,1607,Brazoria
2020-04-19,0.19745347826086954,48113,69,Dallas
2020-04-19,0.15363043478260868,48141,44,El Paso
2020-04-19,0.2745347826086956,48201,1035,Harris
2020-04-19,0.29855913043478266,48245,628,Jefferson
2020-04-19,0.2781239130434782,48439,1053,Tarrant
2020-04-19,0.4019752173913043,48453,1068,Travis
2020-04-19,0.2723252173913044,48479,16,Webb
2020-04-20,0.3498841666666666,48029,1069,Bexar
2020-04-20,0.26368434782608696,48039,1607,Brazoria
2020-04-20,0.21570124999999998,48113,69,Dallas
2020-04-20,0.16564875,48141,44,El Paso
2020-04-20,0.26310809523809525,48201,1035,Harris
2020-04-20,0.2920375,48245,628,Jefferson
2020-04-20,0.3648270833333333,48439,1053,Tarrant
2020-04-20,0.47452499999999986,48453,1068,Travis
2020-04-20,0.2582145833333333,48479,16,Webb
2020-04-21,0.3121245833333333,48029,1069,Bexar
2020-04-21,0.22291625,48039,1607,Brazoria
2020-04-21,0.2129221739130435,48113,69,Dallas
2020-04-21,0.19251083333333333,48141,44,El Paso
2020-04-21,0.20095249999999998,48201,1035,Harris
2020-04-21,0.2795370833333334,48245,628,Jefferson
2020-04-21,0.3600954166666667,48439,1053,Tarrant
2020-04-21,0.47280666666666676,48453,1068,Travis
2020-04-21,0.30939125000000006,48479,16,Webb
2020-04-22,0.4648308695652174,48029,1069,Bexar
2020-04-22,0.24033826086956528,48039,1607,Brazoria
2020-04-22,0.17242315789473683,48113,69,Dallas
2020-04-22,0.16589916666666668,48141,44,El Paso
2020-04-22,0.21223333333333338,48201,1035,Harris
2020-04-22,0.2607408333333333,48245,628,Jefferson
2020-04-22,0.2886533333333334,48439,1053,Tarrant
2020-04-22,0.5889650000000001,48453,1068,Travis
2020-04-22,0.3032314285714286,48479,16,Webb
2020-04-23,0.38601916666666664,48029,1069,Bexar
2020-04-23,0.29027782608695657,48039,1607,Brazoria
2020-04-23,0.16621875000000003,48113,69,Dallas
2020-04-23,0.19005916666666664,48141,44,El Paso
2020-04-23,0.2589908333333334,48201,1035,Harris
2020-04-23,0.35577624999999996,48245,628,Jefferson
2020-04-23,0.22544875,48439,1053,Tarrant
2020-04-23,0.4306773684210527,48453,1068,Travis
2020-04-23,0.2286470833333333,48479,16,Webb
2020-04-24,0.46873875,48029,1069,Bexar
2020-04-24,0.2290334782608696,48039,1607,Brazoria
2020-04-24,0.16000625,48113,69,Dallas
2020-04-24,0.18239791666666663,48141,44,El Paso
2020-04-24,0.24248416666666664,48201,1035,Harris
2020-04-24,0.2926745833333333,48245,628,Jefferson
2020-04-24,0.22875916666666676,48439,1053,Tarrant
2020-04-24,0.35915,48453,1068,Travis
2020-04-24,0.25660041666666666,48479,16,Webb
2020-04-25,0.23678166666666664,48029,1069,Bexar
2020-04-25,0.24738590909090907,48039,1607,Brazoria
2020-04-25,0.15566625,48113,69,Dallas
2020-04-25,0.21258125000000003,48141,44,El Paso
2020-04-25,0.21316041666666666,48201,1035,Harris
2020-04-25,0.3062395833333333,48245,628,Jefferson
2020-04-25,0.24138166666666672,48439,1053,Tarrant
2020-04-25,0.32568458333333333,48453,1068,Travis
2020-04-25,0.20848708333333332,48479,16,Webb
2020-04-26,0.2529921739130435,48029,1069,Bexar
2020-04-26,0.2244917391304348,48039,1607,Brazoria
2020-04-26,0.2888195652173913,48113,69,Dallas
2020-04-26,0.3597834782608695,48141,44,El Paso
2020-04-26,0.19946782608695654,48201,1035,Harris
2020-04-26,0.3041721739130436,48245,628,Jefferson
2020-04-26,0.36220217391304343,48439,1053,Tarrant
2020-04-26,0.42121652173913043,48453,1068,Travis
2020-04-26,0.1481891304347826,48479,16,Webb
2020-04-27,0.26728708333333334,48029,1069,Bexar
2020-04-27,0.20251130434782608,48039,1607,Brazoria
2020-04-27,0.15766916666666667,48113,69,Dallas
2020-04-27,0.20288958333333337,48141,44,El Paso
2020-04-27,0.16238208333333337,48201,1035,Harris
2020-04-27,0.2928933333333333,48245,628,Jefferson
2020-04-27,0.2616108333333333,48439,1053,Tarrant
2020-04-27,0.4214759090909091,48453,1068,Travis
2020-04-27,0.19567500000000004,48479,16,Webb
2020-04-28,0.34390916666666677,48029,1069,Bexar
2020-04-28,0.20486869565217394,48039,1607,Brazoria
2020-04-28,0.17510541666666668,48113,69,Dallas
2020-04-28,0.19645625,48201,1035,Harris
2020-04-28,0.27861125000000003,48245,628,Jefferson
2020-04-28,0.326985,48439,1053,Tarrant
2020-04-28,0.5213008333333334,48453,1068,Travis
2020-04-28,0.24250125,48479,16,Webb
2020-04-29,0.3588604166666667,48029,1069,Bexar
2020-04-29,0.2275365217391304,48039,1607,Brazoria
2020-04-29,0.16578666666666667,48113,69,Dallas
2020-04-29,0.1928904166666667,48201,1035,Harris
2020-04-29,0.27965291666666664,48245,628,Jefferson
2020-04-29,0.17505125,48439,1053,Tarrant
2020-04-29,0.32389454545454543,48453,1068,Travis
2020-04-29,0.19920708333333328,48479,16,Webb
2020-04-30,0.34483958333333337,48029,1069,Bexar
2020-04-30,0.12433260869565219,48039,1607,Brazoria
2020-04-30,0.2527058333333333,48113,69,Dallas
2020-04-30,0.25055458333333336,48201,1035,Harris
2020-04-30,0.3276508333333333,48245,628,Jefferson
2020-04-30,0.3331690909090909,48439,1053,Tarrant
2020-04-30,0.39261166666666675,48453,1068,Travis
2020-04-30,0.17378875000000002,48479,16,Webb
2020-05-01,0.19547499999999995,48201,1035,Harris
2020-05-02,0.15680125,48201,1035,Harris
2020-05-03,0.14805727272727276,48201,1035,Harris
2020-05-04,0.17679958333333332,48201,1035,Harris
2020-05-05,0.23010958333333334,48201,1035,Harris
2020-05-06,0.1805280952380952,48201,1035,Harris
2020-05-07,0.25317083333333334,48201,1035,Harris
2020-05-08,0.18286624999999998,48201,1035,Harris
2020-05-09,0.16727916666666665,48201,1035,Harris
2020-05-10,0.17575999999999997,48201,1035,Harris
2020-05-14,0.1444295238095238,48201,1035,Harris
2020-05-15,0.1724808333333333,48201,1035,Harris
2020-05-16,0.17707416666666664,48201,1035,Harris
2020-05-17,0.2393073913043478,48201,1035,Harris
2020-05-18,0.3448183333333334,48201,1035,Harris
2020-05-19,0.1964954166666667,48201,1035,Harris
2020-05-20,0.18703666666666663,48201,1035,Harris
2020-05-21,0.15694208333333332,48201,1035,Harris
2020-05-22,0.13598041666666663,48201,1035,Harris
2020-05-23,0.11669166666666665,48201,1035,Harris
2020-05-24,0.11196478260869566,48201,1035,Harris
2020-05-25,0.14653708333333332,48201,1035,Harris
2020-05-26,0.20415521739130435,48201,1035,Harris
2020-05-27,0.2302033333333334,48201,1035,Harris
2020-05-28,0.22482791666666666,48201,1035,Harris
2020-05-29,0.21134791666666664,48201,1035,Harris
2020-05-30,0.18265166666666666,48201,1035,Harris
2020-05-31,0.21131363636363634,48201,1035,Harris
