,Date,Site ID,County,value
0,2020-01-01,Clinton,Harris,0.14451831249795288
1,2020-01-01,Dallas Hinton,Dallas,0.2208020915803618
2,2020-01-01,Houston Deer Park #2,Harris,0.13080949461914043
3,2020-01-01,Laredo Vidaurri,Webb,-0.22145854488915
4,2020-01-01,Ojo De Agua,El Paso,0.12007621877299149
5,2020-01-01,Waco Mazanec,McLennan,0.020637346415391222
6,2020-01-02,Clinton,Harris,-0.17359419022002964
7,2020-01-02,Dallas Hinton,Dallas,-0.08622213107673765
8,2020-01-02,El Paso Chamizal,El Paso,-0.137417448935633
9,2020-01-02,Houston Deer Park #2,Harris,-0.07000972695076635
10,2020-01-02,Laredo Vidaurri,Webb,-0.002497422906110769
11,2020-01-02,Ojo De Agua,El Paso,0.10679459233246094
12,2020-01-02,Waco Mazanec,McLennan,0.006942369246441454
13,2020-01-03,Clinton,Harris,-0.16959419022002958
14,2020-01-03,Dallas Hinton,Dallas,-0.07416733655618979
15,2020-01-03,El Paso Chamizal,El Paso,-0.15700757095921225
16,2020-01-03,Houston Deer Park #2,Harris,-0.13798780914254713
17,2020-01-03,Laredo Vidaurri,Webb,-0.3365302996184397
18,2020-01-03,Ojo De Agua,El Paso,0.08679459233246092
19,2020-01-03,Waco Mazanec,McLennan,-0.0011124252741065155
20,2020-01-04,Clinton,Harris,-0.14951747789126246
21,2020-01-04,Dallas Hinton,Dallas,-0.1421673365561898
22,2020-01-04,El Paso Chamizal,El Paso,0.079391348113099
23,2020-01-04,Houston Deer Park #2,Harris,-0.18597685023843757
24,2020-01-04,Laredo Vidaurri,Webb,-0.6264974229061107
25,2020-01-04,Ojo De Agua,El Paso,0.018849386853008826
26,2020-01-04,Waco Mazanec,McLennan,0.010887574725893412
27,2020-01-05,Clinton,Harris,-0.14951747789126252
28,2020-01-05,Dallas Hinton,Dallas,-0.19818925436440898
29,2020-01-05,El Paso Chamizal,El Paso,0.3877464315689717
30,2020-01-05,Houston Deer Park #2,Harris,-0.14597685023843765
31,2020-01-05,Laredo Vidaurri,Webb,-0.45449742290611084
32,2020-01-05,Ojo De Agua,El Paso,-0.009205407667539023
33,2020-01-05,Waco Mazanec,McLennan,0.006887574725893492
34,2020-01-06,Clinton,Harris,0.01834005635531294
35,2020-01-06,Dallas Hinton,Dallas,-0.05024404888495693
36,2020-01-06,El Paso Chamizal,El Paso,0.7241343917371735
37,2020-01-06,Houston Deer Park #2,Harris,0.05402314976156242
38,2020-01-06,Laredo Vidaurri,Webb,-0.19449742290611088
39,2020-01-06,Ojo De Agua,El Paso,0.010816510140680108
40,2020-01-06,Waco Mazanec,McLennan,0.010887574725893495
41,2020-01-07,Clinton,Harris,0.2783838919717512
42,2020-01-07,Dallas Hinton,Dallas,0.0017778689232623712
43,2020-01-07,El Paso Chamizal,El Paso,-0.5314776480946246
44,2020-01-07,Houston Deer Park #2,Harris,0.2339902730492337
45,2020-01-07,Laredo Vidaurri,Webb,-0.1424974229061109
46,2020-01-07,Ojo De Agua,El Paso,0.21478363342835127
47,2020-01-07,Waco Mazanec,McLennan,0.006865656917674268
48,2020-01-08,Clinton,Harris,0.6503729330676417
49,2020-01-08,Dallas Hinton,Dallas,-0.07022213107673769
50,2020-01-08,El Paso Chamizal,El Paso,-0.31915544135108076
51,2020-01-08,Houston Deer Park #2,Harris,0.7620121908574529
52,2020-01-08,Laredo Vidaurri,Webb,-0.11049742290611092
53,2020-01-08,Ojo De Agua,El Paso,0.30680555123657044
54,2020-01-08,Waco Mazanec,McLennan,-0.013134343082325722
55,2020-01-09,Clinton,Harris,-0.1535941902200296
56,2020-01-09,Dallas Hinton,Dallas,-0.2301673365561898
57,2020-01-09,El Paso Chamizal,El Paso,-0.3908003578952079
58,2020-01-09,Houston Deer Park #2,Harris,-0.10600972695076633
59,2020-01-09,Laredo Vidaurri,Webb,0.05750257709388917
60,2020-01-09,Ojo De Agua,El Paso,-0.06520540766753916
61,2020-01-09,Waco Mazanec,McLennan,0.014887574725893443
62,2020-01-10,Clinton,Harris,-0.17764898474057755
63,2020-01-10,Dallas Hinton,Dallas,-0.20618925436440896
64,2020-01-10,El Paso Chamizal,El Paso,-0.6703466443023485
65,2020-01-10,Houston Deer Park #2,Harris,-0.13797685023843753
66,2020-01-10,Laredo Vidaurri,Webb,-0.04649742290611092
67,2020-01-10,Ojo De Agua,El Paso,-0.10921636657164868
68,2020-01-10,Waco Mazanec,McLennan,0.03888757472589344
69,2020-01-11,Clinton,Harris,-0.2576489847405776
70,2020-01-11,Dallas Hinton,Dallas,-0.13418925436440904
71,2020-01-11,El Paso Chamizal,El Paso,0.3631212660526526
72,2020-01-11,Houston Deer Park #2,Harris,-0.10600972695076641
73,2020-01-11,Laredo Vidaurri,Webb,-0.14649742290611079
74,2020-01-11,Ojo De Agua,El Paso,0.002783633428351251
75,2020-01-11,Waco Mazanec,McLennan,0.0028875747258934326
76,2020-01-12,Clinton,Harris,-0.1355941902200296
77,2020-01-12,Dallas Hinton,Dallas,-0.04624404888495692
78,2020-01-12,El Paso Chamizal,El Paso,0.6252945313267071
79,2020-01-12,Houston Deer Park #2,Harris,-0.13000972695076635
80,2020-01-12,Laredo Vidaurri,Webb,0.12550257709388907
81,2020-01-12,Ojo De Agua,El Paso,0.014805551236570486
82,2020-01-12,Waco Mazanec,McLennan,0.002865656917674292
83,2020-01-13,Clinton,Harris,-0.045594190220029585
84,2020-01-13,Dallas Hinton,Dallas,-0.07018925436440898
85,2020-01-13,El Paso Chamizal,El Paso,0.7236102623541865
86,2020-01-13,Houston Deer Park #2,Harris,-0.058009726950766394
87,2020-01-13,Laredo Vidaurri,Webb,0.20550257709388914
88,2020-01-13,Ojo De Agua,El Paso,0.01480555123657043
89,2020-01-13,Waco Mazanec,McLennan,-0.005112425274106547
90,2020-01-14,Clinton,Harris,-0.21759419022002957
91,2020-01-14,Dallas Hinton,Dallas,-0.19416733655618978
92,2020-01-14,El Paso Chamizal,El Paso,0.4777944865323508
93,2020-01-14,Houston Deer Park #2,Harris,-0.09400972695076634
94,2020-01-14,Laredo Vidaurri,Webb,0.20550257709388908
95,2020-01-14,Ojo De Agua,El Paso,-0.0011834898593199306
96,2020-01-14,Waco Mazanec,McLennan,0.07886565691767425
97,2020-01-15,Clinton,Harris,-0.33762706693235844
98,2020-01-15,Dallas Hinton,Dallas,-0.3061125420356418
99,2020-01-15,El Paso Chamizal,El Paso,0.6120006285187343
100,2020-01-15,Houston Deer Park #2,Harris,-0.25798780914254704
101,2020-01-15,Laredo Vidaurri,Webb,0.1375025770938892
102,2020-01-15,Ojo De Agua,El Paso,0.3628274690447896
103,2020-01-15,Waco Mazanec,McLennan,0.06686565691767427
104,2020-01-16,Clinton,Harris,-0.20164898474057755
105,2020-01-16,Dallas Hinton,Dallas,-0.20214541874797062
106,2020-01-16,El Paso Chamizal,El Paso,0.24222868831333677
107,2020-01-16,Houston Deer Park #2,Harris,-0.14998780914254717
108,2020-01-16,Laredo Vidaurri,Webb,-0.33049742290611084
109,2020-01-16,Ojo De Agua,El Paso,0.19877267452424166
110,2020-01-16,Waco Mazanec,McLennan,0.0948875747258934
111,2020-01-17,Clinton,Harris,-0.1765941902200296
112,2020-01-17,Dallas Hinton,Dallas,-0.17011254203564175
113,2020-01-17,El Paso Chamizal,El Paso,-0.21958708750849887
114,2020-01-17,Houston Deer Park #2,Harris,-0.07798780914254724
115,2020-01-17,Laredo Vidaurri,Webb,-0.45047550509789164
116,2020-01-17,Ojo De Agua,El Paso,-0.009227325475758302
117,2020-01-17,Waco Mazanec,McLennan,0.11888757472589342
118,2020-01-18,Clinton,Harris,-0.10160514912413918
119,2020-01-18,Dallas Hinton,Dallas,-0.2621235009397514
120,2020-01-18,El Paso Chamizal,El Paso,-0.7493590277138962
121,2020-01-18,Houston Deer Park #2,Harris,-0.10998780914254724
122,2020-01-18,Laredo Vidaurri,Webb,-0.31047550509789157
123,2020-01-18,Ojo De Agua,El Paso,-0.029172530955210302
124,2020-01-18,Waco Mazanec,McLennan,0.11888757472589348
125,2020-01-19,Clinton,Harris,-0.058638025836468044
126,2020-01-19,Dallas Hinton,Dallas,-0.01820021326851856
127,2020-01-19,El Paso Chamizal,El Paso,-0.9951857624398416
128,2020-01-19,Houston Deer Park #2,Harris,-0.08595493243021843
129,2020-01-19,Laredo Vidaurri,Webb,-0.3064974229061108
130,2020-01-19,Ojo De Agua,El Paso,0.09082746904478964
131,2020-01-19,Waco Mazanec,McLennan,-0.09311242527410656
132,2020-01-20,Clinton,Harris,-0.03555035460359124
133,2020-01-20,Dallas Hinton,Dallas,0.29788745796435806
134,2020-01-20,El Paso Chamizal,El Paso,-1.629012497165787
135,2020-01-20,Houston Deer Park #2,Harris,-0.05800972695076631
136,2020-01-20,Laredo Vidaurri,Webb,-0.3424974229061108
137,2020-01-20,Ojo De Agua,El Paso,-0.07717253095521032
138,2020-01-20,Waco Mazanec,McLennan,0.01088757472589344
139,2020-01-21,Clinton,Harris,0.058372933067641686
140,2020-01-21,Dallas Hinton,Dallas,0.46188745796435815
141,2020-01-21,El Paso Chamizal,El Paso,-0.9267515606588556
142,2020-01-21,Houston Deer Park #2,Harris,0.026045067569781588
143,2020-01-21,Laredo Vidaurri,Webb,-0.13449742290611078
144,2020-01-21,Ojo De Agua,El Paso,0.05082746904478963
145,2020-01-21,Waco Mazanec,McLennan,0.030887574725893485
146,2020-01-22,Clinton,Harris,-0.14965994364468715
147,2020-01-22,Dallas Hinton,Dallas,0.053854581252029354
148,2020-01-22,El Paso Chamizal,El Paso,-0.6096692044757099
149,2020-01-22,Houston Deer Park #2,Harris,-0.0779549324302184
150,2020-01-22,Laredo Vidaurri,Webb,0.5895025770938893
151,2020-01-22,Ojo De Agua,El Paso,0.03482746904478953
152,2020-01-22,Waco Mazanec,McLennan,0.03888757472589338
153,2020-01-23,Clinton,Harris,-0.07362706693235843
154,2020-01-23,Dallas Hinton,Dallas,0.017854581252029544
155,2020-01-23,El Paso Chamizal,El Paso,0.018696837884272677
156,2020-01-23,Houston Deer Park #2,Harris,-0.10600972695076627
157,2020-01-23,Laredo Vidaurri,Webb,0.5574697003815605
158,2020-01-23,Ojo De Agua,El Paso,-0.0651177364346624
159,2020-01-23,Waco Mazanec,McLennan,0.13888757472589344
160,2020-01-24,Clinton,Harris,0.17435101525942243
161,2020-01-24,Dallas Hinton,Dallas,0.1018326634438102
162,2020-01-24,El Paso Chamizal,El Paso,0.6430847980524742
163,2020-01-24,Houston Deer Park #2,Harris,0.05804506756978156
164,2020-01-24,Laredo Vidaurri,Webb,-0.046519340714330004
165,2020-01-24,Ojo De Agua,El Paso,0.1388055512365705
166,2020-01-24,Waco Mazanec,McLennan,0.12088757472589337
167,2020-01-25,Clinton,Harris,0.05035101525942248
168,2020-01-25,Dallas Hinton,Dallas,0.10183266344381015
169,2020-01-25,El Paso Chamizal,El Paso,0.6610727582206759
170,2020-01-25,Houston Deer Park #2,Harris,0.0020231497615624816
171,2020-01-25,Laredo Vidaurri,Webb,-0.2064974229061108
172,2020-01-25,Ojo De Agua,El Paso,-0.03319444876342964
173,2020-01-25,Waco Mazanec,McLennan,0.014909492534112667
174,2020-01-26,Clinton,Harris,-0.14951747789126243
175,2020-01-26,Dallas Hinton,Dallas,-0.08218925436440899
176,2020-01-26,El Paso Chamizal,El Paso,-0.4464735281864649
177,2020-01-26,Houston Deer Park #2,Harris,-0.1459549324302184
178,2020-01-26,Laredo Vidaurri,Webb,0.3535025770938891
179,2020-01-26,Ojo De Agua,El Paso,-0.0411396542428816
180,2020-01-26,Waco Mazanec,McLennan,0.006887574725893464
181,2020-01-27,Clinton,Harris,-0.18555035460359126
182,2020-01-27,Dallas Hinton,Dallas,-0.07814541874797065
183,2020-01-27,El Paso Chamizal,El Paso,-0.7140965269223729
184,2020-01-27,Houston Deer Park #2,Harris,-0.13798780914254719
185,2020-01-27,Laredo Vidaurri,Webb,0.46550257709388926
186,2020-01-27,Ojo De Agua,El Paso,-0.1170629419141144
187,2020-01-27,Waco Mazanec,McLennan,-0.03705763075355864
188,2020-01-28,Clinton,Harris,-0.16757227241181033
189,2020-01-28,Dallas Hinton,Dallas,-0.31023308998084725
190,2020-01-28,El Paso Chamizal,El Paso,-0.5377304845623903
191,2020-01-28,Houston Deer Park #2,Harris,-0.06996589133432801
192,2020-01-28,Laredo Vidaurri,Webb,-0.3904755050978917
193,2020-01-28,Ojo De Agua,El Paso,-0.1371396542428816
194,2020-01-28,Waco Mazanec,McLennan,-0.025112425274106537
195,2020-01-29,Clinton,Harris,-0.12160514912413922
196,2020-01-29,Dallas Hinton,Dallas,-0.16222213107673772
197,2020-01-29,El Paso Chamizal,El Paso,-0.3093425243941889
198,2020-01-29,Houston Deer Park #2,Harris,-0.033933014621999213
199,2020-01-29,Laredo Vidaurri,Webb,0.013579289422656293
200,2020-01-29,Ojo De Agua,El Paso,-0.025139654242881587
201,2020-01-29,Waco Mazanec,McLennan,-0.06514530198643528
202,2020-01-30,Clinton,Harris,-0.13768186145290628
203,2020-01-30,Dallas Hinton,Dallas,-0.022222131076737817
204,2020-01-30,El Paso Chamizal,El Paso,-0.5945545642259872
205,2020-01-30,Houston Deer Park #2,Harris,-0.07398780914254721
206,2020-01-30,Laredo Vidaurri,Webb,0.021524494902108393
207,2020-01-30,Ojo De Agua,El Paso,-0.04913965424288158
208,2020-01-30,Waco Mazanec,McLennan,0.04688757472589347
209,2020-01-31,Clinton,Harris,0.22230717964298408
210,2020-01-31,Dallas Hinton,Dallas,0.0017778689232623712
211,2020-01-31,El Paso Chamizal,El Paso,-0.39416660405778553
212,2020-01-31,Houston Deer Park #2,Harris,0.03797931414512401
213,2020-01-31,Laredo Vidaurri,Webb,-0.01047550509789158
214,2020-01-31,Ojo De Agua,El Paso,-0.06911773643466237
215,2020-01-31,Waco Mazanec,McLennan,0.02688757472589351
216,2020-02-01,Clinton,Harris,0.6063729330676416
217,2020-02-01,Dallas Hinton,Dallas,0.30579978673148156
218,2020-02-01,El Paso Chamizal,El Paso,-0.5097786438895842
219,2020-02-01,Houston Deer Park #2,Harris,0.4300121908574528
220,2020-02-01,Laredo Vidaurri,Webb,1.0775244949021083
221,2020-02-01,Ojo De Agua,El Paso,-0.0011944487634295287
222,2020-02-01,Waco Mazanec,McLennan,0.11885469801356463
223,2020-02-02,Clinton,Harris,0.0664277275881896
224,2020-02-02,Dallas Hinton,Dallas,0.3338143986036276
225,2020-02-02,El Paso Chamizal,El Paso,-0.3254893138583685
226,2020-02-02,Houston Deer Park #2,Harris,0.16604506756978166
227,2020-02-02,Laredo Vidaurri,Webb,1.0015244949021085
228,2020-02-02,Ojo De Agua,El Paso,0.19088226356533766
229,2020-02-02,Waco Mazanec,McLennan,0.018832780205345567
230,2020-02-03,Clinton,Harris,-0.14957227241181043
231,2020-02-03,Dallas Hinton,Dallas,0.033796133763444924
232,2020-02-03,El Paso Chamizal,El Paso,-0.08116710711482433
233,2020-02-03,Houston Deer Park #2,Harris,-0.009976850238437529
234,2020-02-03,Laredo Vidaurri,Webb,-0.11055221742665877
235,2020-02-03,Ojo De Agua,El Paso,-0.029194448763429498
236,2020-02-03,Waco Mazanec,McLennan,0.018865656917674306
237,2020-02-04,Clinton,Harris,-0.1495941902200296
238,2020-02-04,Dallas Hinton,Dallas,0.02981074563559105
239,2020-02-04,El Paso Chamizal,El Paso,-0.6846476400973078
240,2020-02-04,Houston Deer Park #2,Harris,-0.04593301462199925
241,2020-02-04,Laredo Vidaurri,Webb,0.24150257709388934
242,2020-02-04,Ojo De Agua,El Paso,-0.12117253095521033
243,2020-02-04,Waco Mazanec,McLennan,0.030865656917674317
244,2020-02-05,Clinton,Harris,-0.11364898474057755
245,2020-02-05,Dallas Hinton,Dallas,-0.018167336556189795
246,2020-02-05,El Paso Chamizal,El Paso,-0.7602268032167774
247,2020-02-05,Houston Deer Park #2,Harris,-0.02200972695076639
248,2020-02-05,Laredo Vidaurri,Webb,0.009502577093889242
249,2020-02-05,Ojo De Agua,El Paso,-0.1211396542428815
250,2020-02-05,Waco Mazanec,McLennan,0.014887574725893499
251,2020-02-06,Clinton,Harris,-0.06159419022002971
252,2020-02-06,Dallas Hinton,Dallas,0.14849933011047683
253,2020-02-06,El Paso Chamizal,El Paso,-0.8078388430485758
254,2020-02-06,Houston Deer Park #2,Harris,0.08601219085745282
255,2020-02-06,Laredo Vidaurri,Webb,-0.2544974229061109
256,2020-02-06,Ojo De Agua,El Paso,-0.07319444876342951
257,2020-02-06,Waco Mazanec,McLennan,-0.013112425274106554
258,2020-02-07,Clinton,Harris,0.07440580977997041
259,2020-02-07,Dallas Hinton,Dallas,0.2071440789689244
260,2020-02-07,El Paso Chamizal,El Paso,-0.4154180061680455
261,2020-02-07,Houston Deer Park #2,Harris,0.19406698537800077
262,2020-02-07,Laredo Vidaurri,Webb,0.0533929880527933
263,2020-02-07,Ojo De Agua,El Paso,-0.0411396542428816
264,2020-02-07,Waco Mazanec,McLennan,0.0028875747258934603
265,2020-02-08,Clinton,Harris,0.07037293306764164
266,2020-02-08,Dallas Hinton,Dallas,0.31779978673148157
267,2020-02-08,El Paso Chamizal,El Paso,-0.10706292271217233
268,2020-02-08,Houston Deer Park #2,Harris,0.17403410866567204
269,2020-02-08,Laredo Vidaurri,Webb,-0.13060701194720675
270,2020-02-08,Ojo De Agua,El Paso,-0.13717253095521026
271,2020-02-08,Waco Mazanec,McLennan,0.018887574725893447
272,2020-02-09,Clinton,Harris,-0.21757227241181037
273,2020-02-09,Dallas Hinton,Dallas,-0.1142330899808473
274,2020-02-09,El Paso Chamizal,El Paso,-0.2346749625439709
275,2020-02-09,Houston Deer Park #2,Harris,-0.06193301462199921
276,2020-02-09,Laredo Vidaurri,Webb,-0.38255221742665874
277,2020-02-09,Ojo De Agua,El Paso,-0.17119444876342949
278,2020-02-09,Waco Mazanec,McLennan,0.054854698013564684
279,2020-02-10,Clinton,Harris,-0.16565994364468717
280,2020-02-10,Dallas Hinton,Dallas,-0.14620021326851856
281,2020-02-10,El Paso Chamizal,El Paso,-0.25431895036741065
282,2020-02-10,Houston Deer Park #2,Harris,-0.08198780914254727
283,2020-02-10,Laredo Vidaurri,Webb,-0.2205522174266588
284,2020-02-10,Ojo De Agua,El Paso,-0.12113965424288152
285,2020-02-10,Waco Mazanec,McLennan,0.04285469801356473
286,2020-02-11,Clinton,Harris,-0.1336818614529063
287,2020-02-11,Dallas Hinton,Dallas,-0.16481208541463727
288,2020-02-11,El Paso Chamizal,El Paso,-0.6139848559990697
289,2020-02-11,Houston Deer Park #2,Harris,0.0099573963369049
290,2020-02-11,Laredo Vidaurri,Webb,-0.2105522174266587
291,2020-02-11,Ojo De Agua,El Paso,-0.07717253095521032
292,2020-02-11,Waco Mazanec,McLennan,-0.005090507465887378
293,2020-02-12,Clinton,Harris,-0.0136599436446872
294,2020-02-12,Dallas Hinton,Dallas,-0.05555546441007106
295,2020-02-12,El Paso Chamizal,El Paso,0.2677921607437004
296,2020-02-12,Houston Deer Park #2,Harris,0.03401219085745277
297,2020-02-12,Laredo Vidaurri,Webb,0.057447782573341266
298,2020-02-12,Ojo De Agua,El Paso,-0.10922732547575828
299,2020-02-12,Waco Mazanec,McLennan,-0.1210905074658874
300,2020-02-13,Clinton,Harris,-0.0136599436446872
301,2020-02-13,Dallas Hinton,Dallas,-0.09022213107673771
302,2020-02-13,El Paso Chamizal,El Paso,0.38951438296592256
303,2020-02-13,Houston Deer Park #2,Harris,-0.037987809142547124
304,2020-02-13,Laredo Vidaurri,Webb,0.23755737161443702
305,2020-02-13,Ojo De Agua,El Paso,0.07082746904478965
306,2020-02-13,Waco Mazanec,McLennan,-0.021090507465887365
307,2020-02-14,Clinton,Harris,-0.029681861452906355
308,2020-02-14,Dallas Hinton,Dallas,0.03779978673148149
309,2020-02-14,El Paso Chamizal,El Paso,-0.26062092905843043
310,2020-02-14,Houston Deer Park #2,Harris,0.08201219085745282
311,2020-02-14,Laredo Vidaurri,Webb,-0.1984426283855628
312,2020-02-14,Ojo De Agua,El Paso,0.1908603457571184
313,2020-02-14,Waco Mazanec,McLennan,-0.12114530198643529
314,2020-02-15,Clinton,Harris,0.04631813854709371
315,2020-02-15,Dallas Hinton,Dallas,0.0418326634438102
316,2020-02-15,El Paso Chamizal,El Paso,0.20364741188525293
317,2020-02-15,Houston Deer Park #2,Harris,0.08993547852868572
318,2020-02-15,Laredo Vidaurri,Webb,0.10939298805279335
319,2020-02-15,Ojo De Agua,El Paso,0.03486034575711841
320,2020-02-15,Waco Mazanec,McLennan,-0.00916721979465443
321,2020-02-16,Clinton,Harris,-0.21757227241181043
322,2020-02-16,Dallas Hinton,Dallas,-0.058167336556189775
323,2020-02-16,El Paso Chamizal,El Paso,-0.49995274032174863
324,2020-02-16,Houston Deer Park #2,Harris,-0.04593301462199925
325,2020-02-16,Laredo Vidaurri,Webb,0.05342038531306725
326,2020-02-16,Ojo De Agua,El Paso,-0.06508485972233363
327,2020-02-16,Waco Mazanec,McLennan,0.022854698013564684
328,2020-02-17,Clinton,Harris,-0.2615174778912625
329,2020-02-17,Dallas Hinton,Dallas,-0.1328668799351852
330,2020-02-17,El Paso Chamizal,El Paso,-0.5195090569123118
331,2020-02-17,Houston Deer Park #2,Harris,-0.10587822010145131
332,2020-02-17,Laredo Vidaurri,Webb,-0.06255221742665878
333,2020-02-17,Ojo De Agua,El Paso,-0.057117736434662336
334,2020-02-17,Waco Mazanec,McLennan,0.014854698013564677
335,2020-02-18,Clinton,Harris,-0.03760514912413915
336,2020-02-18,Dallas Hinton,Dallas,-0.09328940657141044
337,2020-02-18,El Paso Chamizal,El Paso,-0.5032078392562995
338,2020-02-18,Houston Deer Park #2,Harris,-0.04598780914254719
339,2020-02-18,Laredo Vidaurri,Webb,-0.09455221742665887
340,2020-02-18,Ojo De Agua,El Paso,-0.07713965424288155
341,2020-02-18,Waco Mazanec,McLennan,0.03490949253411271
342,2020-02-19,Clinton,Harris,0.07435101525942245
343,2020-02-19,Dallas Hinton,Dallas,-0.06164617978297818
344,2020-02-19,El Paso Chamizal,El Paso,-0.18678607365508204
345,2020-02-19,Houston Deer Park #2,Harris,0.046045067569781606
346,2020-02-19,Laredo Vidaurri,Webb,-0.12655221742665868
347,2020-02-19,Ojo De Agua,El Paso,0.07086034575711841
348,2020-02-19,Waco Mazanec,McLennan,-0.0531453019864353
349,2020-02-20,Clinton,Harris,-0.02159419022002962
350,2020-02-20,Dallas Hinton,Dallas,-0.045981035186326846
351,2020-02-20,El Paso Chamizal,El Paso,0.08163569194613585
352,2020-02-20,Houston Deer Park #2,Harris,0.05804506756978156
353,2020-02-20,Laredo Vidaurri,Webb,-0.0865522174266587
354,2020-02-20,Ojo De Agua,El Paso,0.10688226356533759
355,2020-02-20,Waco Mazanec,McLennan,-0.0731453019864353
356,2020-02-21,Clinton,Harris,0.010460604300518317
357,2020-02-21,Dallas Hinton,Dallas,0.057410136807585
358,2020-02-21,El Paso Chamizal,El Paso,-0.04600829587730415
359,2020-02-21,Houston Deer Park #2,Harris,0.014099862090329485
360,2020-02-21,Laredo Vidaurri,Webb,-0.05849742290611093
361,2020-02-21,Ojo De Agua,El Paso,-0.04913965424288155
362,2020-02-21,Waco Mazanec,McLennan,-0.08111242527410652
363,2020-02-22,Clinton,Harris,-0.02965994364468716
364,2020-02-22,Dallas Hinton,Dallas,0.10493281565081164
365,2020-02-22,El Paso Chamizal,El Paso,-0.1016194069884152
366,2020-02-22,Houston Deer Park #2,Harris,-0.03395493243021844
367,2020-02-22,Laredo Vidaurri,Webb,-0.006552217426658735
368,2020-02-22,Ojo De Agua,El Paso,0.10282746904478957
369,2020-02-22,Waco Mazanec,McLennan,0.03085469801356469
370,2020-02-23,Clinton,Harris,-0.06261062857619398
371,2020-02-23,Dallas Hinton,Dallas,-0.11956642331418058
372,2020-02-23,El Paso Chamizal,El Paso,-0.23720312083925238
373,2020-02-23,Houston Deer Park #2,Harris,-0.03798780914254718
374,2020-02-23,Laredo Vidaurri,Webb,-0.05455221742665878
375,2020-02-23,Ojo De Agua,El Paso,0.1228822635653376
376,2020-02-23,Waco Mazanec,McLennan,0.014854698013564732
377,2020-02-24,Clinton,Harris,0.15454827553339512
378,2020-02-24,Dallas Hinton,Dallas,-0.15197799104629633
379,2020-02-24,El Paso Chamizal,El Paso,-0.35278683469008953
380,2020-02-24,Houston Deer Park #2,Harris,0.25808890318621996
381,2020-02-24,Laredo Vidaurri,Webb,-0.21055221742665886
382,2020-02-24,Ojo De Agua,El Paso,-0.025084859722333597
383,2020-02-24,Waco Mazanec,McLennan,-0.013134343082325722
384,2020-02-25,Clinton,Harris,0.2594277275881896
385,2020-02-25,Dallas Hinton,Dallas,-0.24040051768252163
386,2020-02-25,El Paso Chamizal,El Paso,-0.5444527403217485
387,2020-02-25,Houston Deer Park #2,Harris,0.23801219085745273
388,2020-02-25,Laredo Vidaurri,Webb,-0.10655221742665882
389,2020-02-25,Ojo De Agua,El Paso,-0.05311773643466239
390,2020-02-25,Waco Mazanec,McLennan,0.014854698013564732
391,2020-02-26,Clinton,Harris,-0.15160514912413914
392,2020-02-26,Dallas Hinton,Dallas,-0.2862002132685185
393,2020-02-26,El Paso Chamizal,El Paso,-0.6280967281451884
394,2020-02-26,Houston Deer Park #2,Harris,-0.11799876804665677
395,2020-02-26,Laredo Vidaurri,Webb,-0.11455221742665872
396,2020-02-26,Ojo De Agua,El Paso,0.038827469044789675
397,2020-02-26,Waco Mazanec,McLennan,-0.08514530198643526
398,2020-02-27,Clinton,Harris,0.09832909745120322
399,2020-02-27,Dallas Hinton,Dallas,0.08979978673148137
400,2020-02-27,El Paso Chamizal,El Paso,-0.7116749625439708
401,2020-02-27,Houston Deer Park #2,Harris,0.14595739633690485
402,2020-02-27,Laredo Vidaurri,Webb,0.06944778257334122
403,2020-02-27,Ojo De Agua,El Paso,0.12686034575711844
404,2020-02-27,Waco Mazanec,McLennan,-0.0011124252741065432
405,2020-02-28,Clinton,Harris,0.3423071796429841
406,2020-02-28,Dallas Hinton,Dallas,0.3859093757725773
407,2020-02-28,El Paso Chamizal,El Paso,-0.32738470379206824
408,2020-02-28,Houston Deer Park #2,Harris,0.43393547852868575
409,2020-02-28,Laredo Vidaurri,Webb,0.05350257709388928
410,2020-02-28,Ojo De Agua,El Paso,0.1788493868530088
411,2020-02-28,Waco Mazanec,McLennan,-0.001145301986435282
412,2020-02-29,Clinton,Harris,0.13034560103893975
413,2020-02-29,Dallas Hinton,Dallas,0.14787375933422114
414,2020-02-29,El Paso Chamizal,El Paso,-0.4750991852010702
415,2020-02-29,Houston Deer Park #2,Harris,0.21795798342105363
416,2020-02-29,Laredo Vidaurri,Webb,0.0034631119927802656
417,2020-02-29,Ojo De Agua,El Paso,0.12484071105392205
418,2020-02-29,Waco Mazanec,McLennan,-0.001147519859886037
419,2020-03-01,Clinton,Harris,-0.08161597756510464
420,2020-03-01,Dallas Hinton,Dallas,-0.09016185710413502
421,2020-03-01,El Paso Chamizal,El Paso,-0.6228136666100722
422,2020-03-01,Houston Deer Park #2,Harris,0.0019804883134215134
423,2020-03-01,Laredo Vidaurri,Webb,-0.04657635310832875
424,2020-03-01,Ojo De Agua,El Paso,0.07083203525483531
425,2020-03-01,Waco Mazanec,McLennan,-0.001149737733336792
426,2020-03-02,Clinton,Harris,-0.12162693646921413
427,2020-03-02,Dallas Hinton,Dallas,-0.062172816008244675
428,2020-03-02,El Paso Chamizal,El Paso,-0.47444669552940233
429,2020-03-02,Houston Deer Park #2,Harris,-0.010030470590688095
430,2020-03-02,Laredo Vidaurri,Webb,0.001423646891671293
431,2020-03-02,Ojo De Agua,El Paso,-0.025189882553383863
432,2020-03-02,Waco Mazanec,McLennan,0.09883930336255356
433,2020-03-03,Clinton,Harris,0.050351145722566604
434,2020-03-03,Dallas Hinton,Dallas,-0.030172816008244507
435,2020-03-03,El Paso Chamizal,El Paso,-0.45006876554462316
436,2020-03-03,Houston Deer Park #2,Harris,0.12194761160109269
437,2020-03-03,Laredo Vidaurri,Webb,0.013423646891671193
438,2020-03-03,Ojo De Agua,El Paso,-0.1211898825533839
439,2020-03-03,Waco Mazanec,McLennan,0.08283930336255357
440,2020-03-04,Clinton,Harris,-0.04563241592126904
441,2020-03-04,Dallas Hinton,Dallas,-0.19419473381646374
442,2020-03-04,El Paso Chamizal,El Paso,-0.49769083555984384
443,2020-03-04,Houston Deer Park #2,Harris,0.013958570505202439
444,2020-03-04,Laredo Vidaurri,Webb,-0.08657635310832879
445,2020-03-04,Ojo De Agua,El Paso,-0.15318988255338392
446,2020-03-04,Waco Mazanec,McLennan,0.11082834445844397
447,2020-03-05,Clinton,Harris,0.05437306353078586
448,2020-03-05,Dallas Hinton,Dallas,-0.09819473381646376
449,2020-03-05,El Paso Chamizal,El Paso,-0.48131290557506445
450,2020-03-05,Houston Deer Park #2,Harris,-0.022041429494797676
451,2020-03-05,Laredo Vidaurri,Webb,0.2134236468916712
452,2020-03-05,Ojo De Agua,El Paso,0.038821076350725736
453,2020-03-05,Waco Mazanec,McLennan,0.01882834445844403
454,2020-03-06,Clinton,Harris,0.1463840224348954
455,2020-03-06,Dallas Hinton,Dallas,-0.16618377491235412
456,2020-03-06,El Paso Chamizal,El Paso,-0.6289349755902852
457,2020-03-06,Houston Deer Park #2,Harris,0.18596952940931194
458,2020-03-06,Laredo Vidaurri,Webb,0.3814236468916712
459,2020-03-06,Ojo De Agua,El Paso,-0.16118988255338387
460,2020-03-06,Waco Mazanec,McLennan,0.0188393033625536
461,2020-03-07,Clinton,Harris,0.33035114572256663
462,2020-03-07,Dallas Hinton,Dallas,0.17778334837531706
463,2020-03-07,El Paso Chamizal,El Paso,-0.18053512779728675
464,2020-03-07,Houston Deer Park #2,Harris,0.22195857050520235
465,2020-03-07,Laredo Vidaurri,Webb,-0.09458731201243825
466,2020-03-07,Ojo De Agua,El Paso,-0.013189882553383908
467,2020-03-07,Waco Mazanec,McLennan,-0.08117165554155596
468,2020-03-08,Clinton,Harris,-0.11762693646921424
469,2020-03-08,Dallas Hinton,Dallas,-0.1782056927205734
470,2020-03-08,El Paso Chamizal,El Paso,-0.37614623890839793
471,2020-03-08,Houston Deer Park #2,Harris,0.04595857050520241
472,2020-03-08,Laredo Vidaurri,Webb,-0.018587312012438295
473,2020-03-08,Ojo De Agua,El Paso,-0.06520084145749344
474,2020-03-08,Waco Mazanec,McLennan,0.0028393033625535857
475,2020-03-09,Clinton,Harris,0.006378542982840574
476,2020-03-09,Dallas Hinton,Dallas,-0.19018377491235422
477,2020-03-09,El Paso Chamizal,El Paso,-0.38377926782772814
478,2020-03-09,Houston Deer Park #2,Harris,0.017969529409311902
479,2020-03-09,Laredo Vidaurri,Webb,-0.010576353108328718
480,2020-03-09,Ojo De Agua,El Paso,-0.1131898825533838
481,2020-03-09,Waco Mazanec,McLennan,-0.033160696637446446
482,2020-03-10,Clinton,Harris,0.09439498133900492
483,2020-03-10,Dallas Hinton,Dallas,-0.17416185710413495
484,2020-03-10,El Paso Chamizal,El Paso,0.5046205799652703
485,2020-03-10,Houston Deer Park #2,Harris,0.10996952940931193
486,2020-03-10,Laredo Vidaurri,Webb,-0.07058731201243823
487,2020-03-10,Ojo De Agua,El Paso,-0.10517892364927425
488,2020-03-10,Waco Mazanec,McLennan,-0.025160696637446384
489,2020-03-11,Clinton,Harris,-0.041615977565104545
490,2020-03-11,Dallas Hinton,Dallas,-0.17015089820002546
491,2020-03-11,El Paso Chamizal,El Paso,-0.1869686133376216
492,2020-03-11,Houston Deer Park #2,Harris,-0.0060304705906881195
493,2020-03-11,Laredo Vidaurri,Webb,-0.1105763531083287
494,2020-03-11,Ojo De Agua,El Paso,-0.053178923649274235
495,2020-03-11,Waco Mazanec,McLennan,-0.021160696637446408
496,2020-03-12,Clinton,Harris,-0.09760501866099511
497,2020-03-12,Dallas Hinton,Dallas,-0.06617281600824462
498,2020-03-12,El Paso Chamizal,El Paso,-0.5633306703065278
499,2020-03-12,Houston Deer Park #2,Harris,-0.02604142949479768
500,2020-03-12,Laredo Vidaurri,Webb,-0.2085653942042191
501,2020-03-12,Ojo De Agua,El Paso,-0.025167964745164695
502,2020-03-12,Waco Mazanec,McLennan,0.010828344458443995
503,2020-03-13,Clinton,Harris,-0.2255940597568854
504,2020-03-13,Dallas Hinton,Dallas,-0.0741728160082446
505,2020-03-13,El Paso Chamizal,El Paso,-0.3518832034659104
506,2020-03-13,Houston Deer Park #2,Harris,-0.06203047059068806
507,2020-03-13,Laredo Vidaurri,Webb,-0.25456539420421903
508,2020-03-13,Ojo De Agua,El Paso,0.010832035254835365
509,2020-03-13,Waco Mazanec,McLennan,0.0028283444584440154
510,2020-03-14,Clinton,Harris,-0.22960501866099503
511,2020-03-14,Dallas Hinton,Dallas,-0.1941508982000254
512,2020-03-14,El Paso Chamizal,El Paso,-0.1964466955294023
513,2020-03-14,Houston Deer Park #2,Harris,-0.05403047059068805
514,2020-03-14,Laredo Vidaurri,Webb,-0.410563828646489
515,2020-03-14,Ojo De Agua,El Paso,-0.013167964745164601
516,2020-03-14,Waco Mazanec,McLennan,0.014839303362553624
517,2020-03-15,Clinton,Harris,-0.09763789537332385
518,2020-03-15,Dallas Hinton,Dallas,-0.12617281600824454
519,2020-03-15,El Paso Chamizal,El Paso,0.35502268911943413
520,2020-03-15,Houston Deer Park #2,Harris,-0.050041429494797646
521,2020-03-15,Laredo Vidaurri,Webb,-0.09057322199286882
522,2020-03-15,Ojo De Agua,El Paso,0.07882107635072574
523,2020-03-15,Waco Mazanec,McLennan,-0.005160696637446394
524,2020-03-16,Clinton,Harris,0.010329227914347427
525,2020-03-16,Dallas Hinton,Dallas,-0.102161857104135
526,2020-03-16,El Paso Chamizal,El Paso,0.3784591970559422
527,2020-03-16,Houston Deer Park #2,Harris,-0.03406334730301683
528,2020-03-16,Laredo Vidaurri,Webb,-0.14257165643513886
529,2020-03-16,Ojo De Agua,El Paso,-0.05316796474516461
530,2020-03-16,Waco Mazanec,McLennan,-0.01916069663744638
531,2020-03-17,Clinton,Harris,-0.1576378953733239
532,2020-03-17,Dallas Hinton,Dallas,-0.11418377491235426
533,2020-03-17,El Paso Chamizal,El Paso,-0.07014813062398828
534,2020-03-17,Houston Deer Park #2,Harris,0.0019585705052023727
535,2020-03-17,Laredo Vidaurri,Webb,-0.19457009087740892
536,2020-03-17,Ojo De Agua,El Paso,-0.02917892364927424
537,2020-03-17,Waco Mazanec,McLennan,0.06282834445844399
538,2020-03-18,Clinton,Harris,-0.1616269364692142
539,2020-03-18,Dallas Hinton,Dallas,-0.2421837749123542
540,2020-03-18,El Paso Chamizal,El Paso,-0.10273354049569938
541,2020-03-18,Houston Deer Park #2,Harris,-0.038041429494797635
542,2020-03-18,Laredo Vidaurri,Webb,-0.19056852531967894
543,2020-03-18,Ojo De Agua,El Paso,-0.02117892364927429
544,2020-03-18,Waco Mazanec,McLennan,-0.02517165554155598
545,2020-03-19,Clinton,Harris,-0.1416159775651046
546,2020-03-19,Dallas Hinton,Dallas,-0.14617281600824464
547,2020-03-19,El Paso Chamizal,El Paso,-0.25929703255919145
548,2020-03-19,Houston Deer Park #2,Harris,-0.01801951168657845
549,2020-03-19,Laredo Vidaurri,Webb,-0.13856695976194905
550,2020-03-19,Ojo De Agua,El Paso,-0.12117892364927424
551,2020-03-19,Waco Mazanec,McLennan,-0.02116069663744638
552,2020-03-20,Clinton,Harris,-0.14559405975688544
553,2020-03-20,Dallas Hinton,Dallas,0.009838142895865043
554,2020-03-20,El Paso Chamizal,El Paso,-0.055844086266519155
555,2020-03-20,Houston Deer Park #2,Harris,-0.07403047059068804
556,2020-03-20,Laredo Vidaurri,Webb,-0.11056539420421907
557,2020-03-20,Ojo De Agua,El Paso,-0.06916796474516462
558,2020-03-20,Waco Mazanec,McLennan,-0.02116069663744638
559,2020-03-21,Clinton,Harris,-0.08160501866099518
560,2020-03-21,Dallas Hinton,Dallas,-0.21016185710413493
561,2020-03-21,El Paso Chamizal,El Paso,-0.49240209887795655
562,2020-03-21,Houston Deer Park #2,Harris,0.009969529409311895
563,2020-03-21,Laredo Vidaurri,Webb,-0.15456539420421916
564,2020-03-21,Ojo De Agua,El Paso,-0.08116796474516469
565,2020-03-21,Waco Mazanec,McLennan,0.010828344458443995
566,2020-03-22,Clinton,Harris,-0.18960501866099494
567,2020-03-22,Dallas Hinton,Dallas,-0.14616185710413496
568,2020-03-22,El Paso Chamizal,El Paso,-0.38498750874966764
569,2020-03-22,Houston Deer Park #2,Harris,-0.014030470590688099
570,2020-03-22,Laredo Vidaurri,Webb,0.06543460579578098
571,2020-03-22,Ojo De Agua,El Paso,-0.049167964745164716
572,2020-03-22,Waco Mazanec,McLennan,0.11882834445844406
573,2020-03-23,Clinton,Harris,-0.077605018660995
574,2020-03-23,Dallas Hinton,Dallas,0.07384910179997456
575,2020-03-23,El Paso Chamizal,El Paso,-0.05752908300494064
576,2020-03-23,Houston Deer Park #2,Harris,-0.016019511686578475
577,2020-03-23,Laredo Vidaurri,Webb,0.12143460579578091
578,2020-03-23,Ojo De Agua,El Paso,0.00682107635072568
579,2020-03-23,Waco Mazanec,McLennan,0.13483930336255362
580,2020-03-24,Clinton,Harris,-0.03358310085277583
581,2020-03-24,Dallas Hinton,Dallas,-0.06616185710413502
582,2020-03-24,El Paso Chamizal,El Paso,-0.5061035339725423
583,2020-03-24,Houston Deer Park #2,Harris,-0.02201951168657848
584,2020-03-24,Laredo Vidaurri,Webb,-0.06655443530010952
585,2020-03-24,Ojo De Agua,El Paso,-0.12916796474516468
586,2020-03-24,Waco Mazanec,McLennan,0.138828344458444
587,2020-03-25,Clinton,Harris,-0.1255831008527758
588,2020-03-25,Dallas Hinton,Dallas,0.1378600607040842
589,2020-03-25,El Paso Chamizal,El Paso,-0.4667108616524727
590,2020-03-25,Houston Deer Park #2,Harris,-0.030030470590688085
591,2020-03-25,Laredo Vidaurri,Webb,0.017445564699890448
592,2020-03-25,Ojo De Agua,El Paso,0.058832035254835297
593,2020-03-25,Waco Mazanec,McLennan,0.13883930336255362
594,2020-03-26,Clinton,Harris,-0.1855831008527758
595,2020-03-26,Dallas Hinton,Dallas,-0.11815089820002539
596,2020-03-26,El Paso Chamizal,El Paso,-0.23525243590774575
597,2020-03-26,Houston Deer Park #2,Harris,-0.09403047059068814
598,2020-03-26,Laredo Vidaurri,Webb,-0.10255443530010955
599,2020-03-26,Ojo De Agua,El Paso,-0.009178923649274223
600,2020-03-26,Waco Mazanec,McLennan,0.13885026226666317
601,2020-03-27,Clinton,Harris,-0.198605018660995
602,2020-03-27,Dallas Hinton,Dallas,-0.05415089820002533
603,2020-03-27,El Paso Chamizal,El Paso,-0.5557282567383609
604,2020-03-27,Houston Deer Park #2,Harris,-0.062030470590688114
605,2020-03-27,Laredo Vidaurri,Webb,-0.03857635310832874
606,2020-03-27,Ojo De Agua,El Paso,-0.033167964745164646
607,2020-03-27,Waco Mazanec,McLennan,0.13885026226666317
608,2020-03-28,Clinton,Harris,-0.023626936469214266
609,2020-03-28,Dallas Hinton,Dallas,0.057838142895864975
610,2020-03-28,El Paso Chamizal,El Paso,-0.21225887208952432
611,2020-03-28,Houston Deer Park #2,Harris,-0.018041429494797617
612,2020-03-28,Laredo Vidaurri,Webb,-0.07857635310832872
613,2020-03-28,Ojo De Agua,El Paso,0.07484299415894488
614,2020-03-28,Waco Mazanec,McLennan,0.12283930336255361
615,2020-03-29,Clinton,Harris,-0.0406159775651046
616,2020-03-29,Dallas Hinton,Dallas,0.1418600607040842
617,2020-03-29,El Paso Chamizal,El Paso,-0.21091003538589304
618,2020-03-29,Houston Deer Park #2,Harris,-0.04204142949479761
619,2020-03-29,Laredo Vidaurri,Webb,-0.17055443530010939
620,2020-03-29,Ojo De Agua,El Paso,0.07883203525483531
621,2020-03-29,Waco Mazanec,McLennan,0.10285026226666316
622,2020-03-30,Clinton,Harris,-0.13360501866099497
623,2020-03-30,Dallas Hinton,Dallas,0.08584910179997463
624,2020-03-30,El Paso Chamizal,El Paso,-0.2694844863534947
625,2020-03-30,Houston Deer Park #2,Harris,-0.01802681762265157
626,2020-03-30,Laredo Vidaurri,Webb,-0.1745544353001095
627,2020-03-30,Ojo De Agua,El Paso,0.09483203525483527
628,2020-03-30,Waco Mazanec,McLennan,0.03083930336255361
629,2020-03-31,Clinton,Harris,-0.11359953920894025
630,2020-03-31,Dallas Hinton,Dallas,-0.01813993929591584
631,2020-03-31,El Paso Chamizal,El Paso,-0.25203701951287716
632,2020-03-31,Houston Deer Park #2,Harris,-0.02602316465461496
633,2020-03-31,Laredo Vidaurri,Webb,-0.00255443530010957
634,2020-03-31,Ojo De Agua,El Paso,0.09882107635072576
635,2020-03-31,Waco Mazanec,McLennan,0.03883930336255359
636,2020-04-01,Clinton,Harris,-0.06157214194866628
637,2020-04-01,Dallas Hinton,Dallas,0.09384910179997458
638,2020-04-01,El Paso Chamizal,El Paso,-0.3305566759599309
639,2020-04-01,Houston Deer Park #2,Harris,0.0019914472175311115
640,2020-04-01,Laredo Vidaurri,Webb,-0.21454712936403647
641,2020-04-01,Ojo De Agua,El Paso,0.0988429941589449
642,2020-04-01,Waco Mazanec,McLennan,0.022839303362553576
